{
  "TypeScript": 67.06270963647901,
  "Sass": 9.634779258453449,
  "F#": 9.265252470310942,
  "JavaScript": 4.416077418185115,
  "Vue": 3.6984407578642005,
  "PowerShell": 2.1935907895929656,
  "HTML": 1.7132399601124104,
  "Pug": 1.485699392620796,
  "CSS": 0.4153068624784697,
  "Batchfile": 0.11490345390263801
}
