{
  "TypeScript": 60.68989285042923,
  "Sass": 15.556407411639384,
  "F#": 14.744400172500857,
  "JavaScript": 2.832257660254402,
  "Pug": 2.33539621751326,
  "PowerShell": 1.9942647150971424,
  "HTML": 1.4133643933166975,
  "CSS": 0.43401657924903153
}
