{
  "TypeScript": 66.5409238924538,
  "Sass": 12.494232489987013,
  "F#": 11.793581369431681,
  "JavaScript": 3.561483499393398,
  "PowerShell": 1.9890354659484732,
  "Pug": 1.868009888423557,
  "HTML": 1.405577200609108,
  "CSS": 0.3471561937529575
}
