{
  "TypeScript": 70.67476043697972,
  "Sass": 8.103777918837364,
  "F#": 7.789920339457988,
  "JavaScript": 4.7532315035617545,
  "Vue": 3.3044161181545593,
  "PowerShell": 1.853885143185011,
  "HTML": 1.6635500122950584,
  "Pug": 1.2496163751117517,
  "CSS": 0.4147914319644835,
  "Batchfile": 0.10722434764706891,
  "MDX": 0.08177643580549789,
  "GLSL": 0.003049936999738849
}
