{
  "TypeScript": 72.4706878895115,
  "Sass": 7.03333482230748,
  "F#": 6.760935274293854,
  "JavaScript": 4.256067156042836,
  "Vue": 2.867929647625996,
  "PowerShell": 2.8242530726635926,
  "HTML": 1.5001414525439123,
  "Pug": 1.0845522241137708,
  "CSS": 0.6616835665232288,
  "C#": 0.3737325107578382,
  "Batchfile": 0.09306088415284816,
  "MDX": 0.07097443431390553,
  "GLSL": 0.00264706514923657
}
