{
  "TypeScript": 70.94894613936539,
  "Sass": 8.019017402753203,
  "F#": 7.708442579968537,
  "JavaScript": 4.703515635315555,
  "Vue": 3.2698539647568783,
  "PowerShell": 1.832136807596398,
  "HTML": 1.6473763831095583,
  "Pug": 1.2365461589826199,
  "CSS": 0.4441229397184926,
  "Batchfile": 0.10610284714022175,
  "MDX": 0.08092110475227579,
  "GLSL": 0.003018036540877419
}
