{
  "TypeScript": 72.84884091880444,
  "Sass": 7.431352309465895,
  "F#": 7.143537629606193,
  "JavaScript": 4.4430790314813144,
  "Vue": 3.0302262225131735,
  "PowerShell": 1.6707760158512208,
  "HTML": 1.52665017100195,
  "Pug": 1.1459271994049673,
  "CSS": 0.583495536818516,
  "Batchfile": 0.09832721373889011,
  "MDX": 0.0749908883448602,
  "GLSL": 0.0027968629685728745
}
