{
  "TypeScript": 72.64022585103137,
  "Sass": 6.990020363752357,
  "F#": 6.7192983754214355,
  "JavaScript": 4.229856368543635,
  "Vue": 2.8502676390625603,
  "PowerShell": 2.806860044213266,
  "HTML": 1.4909029026362715,
  "Pug": 1.077873060736926,
  "CSS": 0.6576086196960317,
  "C#": 0.37143089683543834,
  "Batchfile": 0.09248777311639401,
  "MDX": 0.07053734163010317,
  "GLSL": 0.002630763324199652
}
