{
  "TypeScript": 71.26210295135682,
  "Sass": 7.932576135004468,
  "F#": 7.625349163965719,
  "JavaScript": 4.6528139303593985,
  "Vue": 3.2346064639882965,
  "PowerShell": 1.812387227269589,
  "HTML": 1.6296184339914501,
  "Pug": 1.2232167680804893,
  "CSS": 0.43933550155526074,
  "Batchfile": 0.10495910793154987,
  "MDX": 0.08004881298246204,
  "GLSL": 0.0029855035144974187
}
