{
  "TypeScript": 71.26178120865731,
  "Sass": 7.9326649462510055,
  "F#": 7.62543453557174,
  "JavaScript": 4.65286602216388,
  "Vue": 3.234642677877358,
  "PowerShell": 1.8124075183283979,
  "HTML": 1.6296366788140701,
  "Pug": 1.223230462926162,
  "CSS": 0.43934042025164344,
  "Batchfile": 0.10496028302890187,
  "MDX": 0.08004970919004248,
  "GLSL": 0.002985536939488764
}
