{
  "TypeScript": 66.42630516296511,
  "Sass": 13.214477817881336,
  "F#": 12.473436805712549,
  "JavaScript": 2.3960274090069302,
  "Pug": 1.9756936053446004,
  "PowerShell": 1.9512157095081812,
  "HTML": 1.1956750520350174,
  "CSS": 0.36716843754628586
}
