{
  "TypeScript": 69.3749862834957,
  "Sass": 8.481787474986085,
  "F#": 8.156481871270357,
  "JavaScript": 4.974951169244704,
  "Vue": 3.4585542106176717,
  "PowerShell": 1.9403616368827326,
  "HTML": 1.7415471418795303,
  "Pug": 1.3079060933201123,
  "CSS": 0.3656071872487386,
  "Batchfile": 0.11222594424415577,
  "MDX": 0.08559098681020948
}
