{
  "TypeScript": 65.34469780613883,
  "Sass": 13.661383626713173,
  "F#": 12.895281046657631,
  "JavaScript": 2.4770596360811266,
  "Pug": 2.0425103922709553,
  "PowerShell": 1.963369561888613,
  "HTML": 1.2361120737315303,
  "CSS": 0.37958585651815807
}
