{
  "TypeScript": 65.67764165390506,
  "Sass": 12.8766195094679,
  "F#": 12.154524903376359,
  "JavaScript": 3.6583290794623107,
  "Pug": 1.9251804856705315,
  "PowerShell": 1.9013284231507814,
  "HTML": 1.4485950071708111,
  "CSS": 0.3577809377962517
}
