{
  "TypeScript": 66.5183360853787,
  "Sass": 13.178254798976303,
  "F#": 12.439245099959885,
  "JavaScript": 2.3894595107267578,
  "Pug": 1.9702779099381489,
  "PowerShell": 1.9458671119693762,
  "HTML": 1.1923975135192286,
  "CSS": 0.3661619695315926
}
