{
  "TypeScript": 67.94563620494304,
  "Sass": 9.218750847062521,
  "F#": 8.865180173586829,
  "JavaScript": 4.6019483793322165,
  "Vue": 3.6894519708773132,
  "PowerShell": 2.0988718482497655,
  "HTML": 1.639262499932235,
  "Pug": 1.4215471020974624,
  "CSS": 0.3973739706496224,
  "Batchfile": 0.1219770032689837
}
