{
  "TypeScript": 73.35656320132965,
  "Sass": 6.716570595284457,
  "F#": 6.4564392577922884,
  "JavaScript": 4.064384283422296,
  "Vue": 2.738765098953392,
  "PowerShell": 2.697055610281705,
  "HTML": 1.4096701237618483,
  "Pug": 1.0357066401031993,
  "CSS": 1.0087692620027349,
  "C#": 0.35690051102023146,
  "Batchfile": 0.08886964915842417,
  "MDX": 0.0677779190914915,
  "GLSL": 0.0025278477982840653
}
