{
  "TypeScript": 74.53156712978851,
  "Sass": 6.412833359857059,
  "F#": 6.164465700297996,
  "JavaScript": 3.880584406915678,
  "Vue": 2.614912467935833,
  "PowerShell": 2.575089168741425,
  "HTML": 1.3459219206897879,
  "CSS": 0.9930181007454048,
  "Pug": 0.9888698404126539,
  "C#": 0.3407607306066944,
  "Batchfile": 0.08485077953353944,
  "MDX": 0.06471286119091275,
  "GLSL": 0.0024135332845095663
}
