{
  "TypeScript": 67.83751746188919,
  "Sass": 9.272113213020326,
  "F#": 8.916495910019334,
  "JavaScript": 4.551159927458868,
  "Vue": 3.7108082142035363,
  "PowerShell": 2.111021082947927,
  "HTML": 1.6487513045298947,
  "Pug": 1.4297756699313082,
  "CSS": 0.3996741537867627,
  "Batchfile": 0.12268306221285348
}
