{
  "TypeScript": 63.5883286782746,
  "Sass": 14.390838165256001,
  "F#": 13.583829259803215,
  "JavaScript": 2.609323134651465,
  "Pug": 2.151570976204019,
  "PowerShell": 1.97414107799275,
  "HTML": 1.3021147266815516,
  "CSS": 0.39985398113640025
}
