{
  "TypeScript": 72.69593939906093,
  "Sass": 6.975786370695872,
  "F#": 6.705615661860806,
  "JavaScript": 4.221242982166108,
  "Vue": 2.8444635515674905,
  "PowerShell": 2.801144348936177,
  "HTML": 1.4878669312857353,
  "Pug": 1.0756781547332384,
  "CSS": 0.6562695110755223,
  "C#": 0.3706745406974884,
  "Batchfile": 0.0922994374246734,
  "MDX": 0.07039370427588425,
  "GLSL": 0.002625406220079599
}
