{
  "TypeScript": 72.93011262833693,
  "Sass": 7.401626486201331,
  "F#": 7.114963081096233,
  "JavaScript": 4.425306467815874,
  "Vue": 3.0181051487985906,
  "PowerShell": 1.6914272581816154,
  "HTML": 1.5205434852629067,
  "Pug": 1.1413434267637241,
  "CSS": 0.581161522162659,
  "Batchfile": 0.09793389940578062,
  "MDX": 0.07469092061347536,
  "GLSL": 0.002785675360875538
}
