{
  "TypeScript": 65.94793825613343,
  "Sass": 12.766454186147394,
  "F#": 12.050537427097893,
  "JavaScript": 3.639080348966116,
  "Pug": 1.908709692967658,
  "PowerShell": 1.8963585096640478,
  "HTML": 1.4362016195112546,
  "CSS": 0.35471995951221863
}
