{
  "TypeScript": 67.25685326804312,
  "Sass": 9.146475930864367,
  "F#": 8.795677247999931,
  "JavaScript": 5.33459266582257,
  "Vue": 3.7295891858049703,
  "PowerShell": 2.0924210918111474,
  "HTML": 1.626410698015153,
  "Pug": 1.4104021867634546,
  "CSS": 0.39425856261826414,
  "Batchfile": 0.12102070476004015,
  "MDX": 0.09229845749699062
}
