{
  "TypeScript": 71.55074221555174,
  "Sass": 7.848137953696678,
  "F#": 7.5441812552959355,
  "JavaScript": 4.603287126007728,
  "Vue": 3.200175746599986,
  "PowerShell": 1.7934645156168945,
  "HTML": 1.612271986324256,
  "Pug": 1.2101962565235773,
  "CSS": 0.4515506129901105,
  "Batchfile": 0.10384187236587784,
  "MDX": 0.0791967346577095,
  "GLSL": 0.002953724369518303
}
