{
  "TypeScript": 69.0991413430947,
  "Sass": 8.573963989855445,
  "F#": 8.245123101047229,
  "JavaScript": 5.000680673412897,
  "Vue": 3.4961403296476132,
  "PowerShell": 1.961448674703655,
  "HTML": 1.731834843419905,
  "Pug": 1.3221198691090237,
  "CSS": 0.3695804530763917,
  "Batchfile": 0.11344556881608203,
  "MDX": 0.08652115381706524
}
