{
  "TypeScript": 59.46825235922133,
  "Sass": 16.07196820454363,
  "F#": 15.301754640981406,
  "JavaScript": 3.0441318792292895,
  "Pug": 2.4236767512938897,
  "PowerShell": 1.7730021689152746,
  "HTML": 1.4667911147153443,
  "CSS": 0.4504228810998352
}
