{
  "TypeScript": 74.19769680010943,
  "Sass": 6.496900361503506,
  "F#": 6.24527680501505,
  "JavaScript": 3.9314556953803805,
  "Vue": 2.6491918322061343,
  "PowerShell": 2.608846482122349,
  "HTML": 1.3635658565249054,
  "CSS": 1.0060357560665119,
  "Pug": 1.001833115432784,
  "C#": 0.3452278251487544,
  "Batchfile": 0.0859631038717018,
  "MDX": 0.06556119388615123,
  "GLSL": 0.0024451727323506287
}
