{
  "TypeScript": 66.9847983926934,
  "Sass": 9.673077841967904,
  "F#": 9.302082171957233,
  "JavaScript": 4.433631479909805,
  "Vue": 3.5195099808188073,
  "PowerShell": 2.2023103894715046,
  "HTML": 1.711631357040954,
  "Pug": 1.4916050995123926,
  "CSS": 0.565993087489448,
  "Batchfile": 0.11536019913855283
}
