{
  "TypeScript": 68.71505870342011,
  "Sass": 8.68044920877999,
  "F#": 8.347524247064829,
  "JavaScript": 5.062787136294027,
  "Vue": 3.5395610005104645,
  "PowerShell": 1.9858090862685043,
  "HTML": 1.753649821337417,
  "Pug": 1.3385400714650333,
  "CSS": 0.37417049515058703,
  "Batchfile": 0.11485451761102604,
  "MDX": 0.08759571209800919
}
