{
  "TypeScript": 66.34786569572543,
  "Sass": 12.616629055594919,
  "F#": 11.90911418483212,
  "JavaScript": 3.5963726651860406,
  "Pug": 1.8863093714088373,
  "PowerShell": 1.8738054267119983,
  "HTML": 1.4193465795756997,
  "CSS": 0.3505570209649473
}
