{
  "TypeScript": 65.90076539814741,
  "Sass": 12.792910822286052,
  "F#": 12.075510428945966,
  "JavaScript": 3.6345469117671474,
  "Pug": 1.9126652186841069,
  "PowerShell": 1.8889682143175188,
  "HTML": 1.4391779403529796,
  "CSS": 0.35545506549882194
}
