{
  "TypeScript": 65.84457650839643,
  "Sass": 13.464327641451135,
  "F#": 12.709275559855312,
  "JavaScript": 2.4413297685597772,
  "Pug": 2.0130485962512688,
  "PowerShell": 1.9350493174665961,
  "HTML": 1.218282014255917,
  "CSS": 0.3741105937635526
}
