{
  "TypeScript": 67.50146903901026,
  "Sass": 9.00216517821693,
  "F#": 8.656901307047683,
  "JavaScript": 5.296587065045342,
  "Vue": 3.670744683666933,
  "PowerShell": 2.0594074081916793,
  "HTML": 1.6395004737981673,
  "Pug": 1.3881492226004373,
  "CSS": 0.5751221552258085,
  "Batchfile": 0.11911127110254685,
  "MDX": 0.09084219609420907
}
