{
  "TypeScript": 73.31511284322802,
  "Sass": 6.733688081154305,
  "F#": 6.472893787108541,
  "JavaScript": 4.074742551760896,
  "Vue": 2.7457449664642137,
  "PowerShell": 2.7039291792622207,
  "HTML": 1.413262732234032,
  "Pug": 1.0383461856161613,
  "CSS": 0.984888503113613,
  "C#": 0.3578100882170556,
  "Batchfile": 0.08909613750424691,
  "MDX": 0.06795065420323898,
  "GLSL": 0.0025342901334541343
}
