{
  "TypeScript": 37.722219721859666,
  "CSS": 36.8759646619348,
  "Sass": 11.09490287856445,
  "F#": 8.759990786899396,
  "JavaScript": 2.1068349028256153,
  "Pug": 1.6177198634978542,
  "HTML": 1.015161904358485,
  "PowerShell": 0.8072052800597264
}
