{
  "TypeScript": 70.73197152731389,
  "Sass": 8.079328985715195,
  "F#": 7.766418308267855,
  "JavaScript": 4.738891100812732,
  "Vue": 3.2944467619493776,
  "PowerShell": 1.8482920094224788,
  "HTML": 1.6597664145073485,
  "Pug": 1.2458463079295727,
  "CSS": 0.443567276745881,
  "Batchfile": 0.10690085397153301,
  "MDX": 0.08152971796228918,
  "GLSL": 0.0030407354018569394
}
