{
  "TypeScript": 70.91880420550204,
  "Sass": 8.026686076095155,
  "F#": 7.71581424723798,
  "JavaScript": 4.708013658346856,
  "Vue": 3.272980961578583,
  "PowerShell": 1.8362489957792045,
  "HTML": 1.648951787017396,
  "Pug": 1.2377286814899569,
  "CSS": 0.44454765930411155,
  "Batchfile": 0.10620431444406998,
  "MDX": 0.08099849048267736,
  "GLSL": 0.0030209227219646574
}
