{
  "TypeScript": 63.685498950130345,
  "Sass": 14.329114694455807,
  "F#": 13.525567115580337,
  "JavaScript": 2.598131536326166,
  "Pug": 2.142342713972227,
  "PowerShell": 2.024676163394207,
  "HTML": 1.2965298511247638,
  "CSS": 0.3981389750161453
}
