{
  "TypeScript": 63.066334977333604,
  "Sass": 14.633047005694772,
  "F#": 13.86923697006995,
  "JavaScript": 2.664147214589708,
  "Pug": 2.1967772971942203,
  "PowerShell": 1.8327280291932841,
  "HTML": 1.3294732553805615,
  "CSS": 0.408255250543907
}
