{
  "TypeScript": 65.6771723524988,
  "Sass": 12.876795575913647,
  "F#": 12.154691096374284,
  "JavaScript": 3.658379101053607,
  "Pug": 1.9252068093252206,
  "PowerShell": 1.9013544206680186,
  "HTML": 1.4486148143083946,
  "CSS": 0.3577858298580251
}
