{
  "TypeScript": 72.618307606497,
  "Sass": 7.1422211320704,
  "F#": 6.865604440651313,
  "JavaScript": 4.2702124228026905,
  "Vue": 2.912329393106507,
  "PowerShell": 2.8679766408838296,
  "HTML": 1.4919493034601867,
  "Pug": 1.101342678771832,
  "CSS": 0.5607935110579476,
  "Batchfile": 0.0945016027471826,
  "MDX": 0.07207322236185126,
  "GLSL": 0.0026880455892531936
}
