{
  "TypeScript": 60.95530870481481,
  "Sass": 15.454923292973422,
  "F#": 14.648213281969499,
  "JavaScript": 2.8137810824122202,
  "Pug": 2.3201609758151784,
  "PowerShell": 1.9722833042519805,
  "HTML": 1.4041441385358744,
  "CSS": 0.4311852192270158
}
