{
  "TypeScript": 61.01705469516931,
  "Sass": 15.459480447172936,
  "F#": 14.652532563625442,
  "JavaScript": 2.8146107749337004,
  "Pug": 2.320845115822479,
  "PowerShell": 1.8996058665807094,
  "HTML": 1.4045581749717952,
  "CSS": 0.4313123617236378
}
