{
  "TypeScript": 69.28241451800594,
  "Sass": 8.507425799537932,
  "F#": 8.181136878252508,
  "JavaScript": 4.989989203748971,
  "Vue": 3.4690085559538972,
  "PowerShell": 1.9462268653550405,
  "HTML": 1.7468114038028018,
  "Pug": 1.3118595666891129,
  "CSS": 0.366712326437007,
  "Batchfile": 0.11256517523646191,
  "MDX": 0.08584970698034161
}
