{
  "TypeScript": 73.31285136554372,
  "Sass": 6.73425874443795,
  "F#": 6.4734423487256985,
  "JavaScript": 4.075087876037365,
  "Vue": 2.745977661507365,
  "PowerShell": 2.704158330521617,
  "HTML": 1.413382502728553,
  "Pug": 1.0384341828676973,
  "CSS": 0.9849719699597806,
  "C#": 0.3578404117303223,
  "Batchfile": 0.08910368817986114,
  "MDX": 0.06795641285184076,
  "GLSL": 0.0025345049082271614
}
