{
  "TypeScript": 67.18821453090517,
  "Sass": 9.944223461700851,
  "F#": 9.562828428374107,
  "JavaScript": 4.425047864433422,
  "Vue": 3.0381780989662217,
  "PowerShell": 2.2388976151407163,
  "HTML": 1.6821848403368815,
  "Pug": 1.533416216481739,
  "CSS": 0.2754324757695443,
  "Batchfile": 0.11157646789135679
}
