{
  "TypeScript": 37.88958781240485,
  "CSS": 37.03957803988517,
  "Sass": 11.144129374864548,
  "F#": 8.394660880271344,
  "JavaScript": 2.0766936707312373,
  "Pug": 1.6248974550231416,
  "HTML": 1.0196660324500837,
  "PowerShell": 0.8107867343696192
}
