{
  "TypeScript": 73.3745400125055,
  "Sass": 6.704167425591824,
  "F#": 6.4445164601995995,
  "JavaScript": 4.05687877934872,
  "Vue": 2.7337075524289154,
  "PowerShell": 2.6920750866751666,
  "HTML": 1.407066953362965,
  "CSS": 1.03813076536715,
  "Pug": 1.033794050184468,
  "C#": 0.35624143991559964,
  "Batchfile": 0.08870553782758955,
  "MDX": 0.06765275684984164,
  "GLSL": 0.002523179742651436
}
