{
  "TypeScript": 59.82884914073851,
  "Sass": 16.840723483140437,
  "F#": 14.021143343854902,
  "JavaScript": 3.189738964878,
  "Pug": 2.539606192695025,
  "PowerShell": 1.5710205922140386,
  "HTML": 1.5369507490355228,
  "CSS": 0.47196753344355935
}
