{
  "TypeScript": 69.57920039270718,
  "Sass": 11.305938095263503,
  "F#": 10.671924105070511,
  "JavaScript": 3.307997673636863,
  "PowerShell": 1.8585560541466355,
  "Pug": 1.6903482608301275,
  "HTML": 1.2718963594551187,
  "CSS": 0.3141390588900687
}
