{
  "TypeScript": 73.74067207704343,
  "Sass": 6.61197706862925,
  "F#": 6.355896615974195,
  "JavaScript": 4.001091821911714,
  "Vue": 2.696115789113509,
  "PowerShell": 2.655055819784062,
  "HTML": 1.387718092204516,
  "CSS": 1.0238552200596613,
  "Pug": 1.0195781399211772,
  "C#": 0.3513426921031103,
  "Batchfile": 0.08748573010535615,
  "MDX": 0.06672245016035162,
  "GLSL": 0.002488482989663464
}
