{
  "TypeScript": 69.41263913852677,
  "Sass": 8.471359283274682,
  "F#": 8.146453636432474,
  "JavaScript": 4.968834564142213,
  "Vue": 3.4543019858998325,
  "PowerShell": 1.9379760002231798,
  "HTML": 1.739405943750772,
  "Pug": 1.3062980483741766,
  "CSS": 0.36515768036697105,
  "Batchfile": 0.1120879646419761,
  "MDX": 0.0854857543669471
}
