{
  "TypeScript": 59.547293104637,
  "Sass": 16.093329860499324,
  "F#": 15.322092586776161,
  "JavaScript": 3.0481779112435556,
  "Pug": 2.4268981208393026,
  "PowerShell": 1.642446202992255,
  "HTML": 1.4687406635666516,
  "CSS": 0.451021549445751
}
