{
  "TypeScript": 72.9095011586779,
  "Sass": 7.407262209677139,
  "F#": 7.120380534211488,
  "JavaScript": 4.428675970937222,
  "Vue": 3.020403185057411,
  "PowerShell": 1.6927151394769395,
  "HTML": 1.5217012527660168,
  "Pug": 1.142212464934748,
  "CSS": 0.5816040283658286,
  "Batchfile": 0.09800846793162929,
  "MDX": 0.0747477915425226,
  "GLSL": 0.0027877964211663444
}
