{
  "TypeScript": 72.75586554676883,
  "Sass": 6.9604761203071535,
  "F#": 6.690898374183407,
  "JavaScript": 4.211978322445438,
  "Vue": 2.8382206067750544,
  "PowerShell": 2.7949964798533,
  "HTML": 1.484601404784125,
  "Pug": 1.0733172880134911,
  "CSS": 0.6548291500892316,
  "C#": 0.3698609951372857,
  "Batchfile": 0.09209686133896557,
  "MDX": 0.07023920624785107,
  "GLSL": 0.0026196440558639094
}
