{
  "TypeScript": 58.73649609930741,
  "Sass": 16.42179853978081,
  "F#": 15.635406406828947,
  "JavaScript": 3.1103919453434017,
  "Pug": 2.476431687069087,
  "PowerShell": 1.6605303065834938,
  "HTML": 1.4987180088488659,
  "CSS": 0.46022700623798135
}
