{
  "TypeScript": 69.68316667259765,
  "Sass": 8.40470287731951,
  "F#": 8.082353731974742,
  "JavaScript": 4.929737573593664,
  "Vue": 3.4271220083112897,
  "PowerShell": 1.9227271469184566,
  "HTML": 1.6958668928349723,
  "Pug": 1.2960195169013362,
  "CSS": 0.3622844580461747,
  "Batchfile": 0.11120600690366891,
  "MDX": 0.08481311459853148
}
