{
  "TypeScript": 63.13781050280254,
  "Sass": 14.548732479816886,
  "F#": 13.789323460671369,
  "JavaScript": 2.6487965969651217,
  "Pug": 2.1841196301888353,
  "PowerShell": 1.9635014857253168,
  "HTML": 1.321812929602129,
  "CSS": 0.40590291422780206
}
