{
  "TypeScript": 70.70714275524615,
  "Sass": 8.086182874696263,
  "F#": 7.773006747599823,
  "JavaScript": 4.742911216042074,
  "Vue": 3.297241520326015,
  "PowerShell": 1.849859959961388,
  "HTML": 1.6611744342525097,
  "Pug": 1.246903189298944,
  "CSS": 0.44394356552875214,
  "Batchfile": 0.10699154053552833,
  "MDX": 0.08159888158176294,
  "GLSL": 0.003043314930788361
}
