{
  "TypeScript": 65.82845409061723,
  "Sass": 13.470683221126645,
  "F#": 12.715274731562184,
  "JavaScript": 2.442482151825504,
  "Pug": 2.0139988175385732,
  "PowerShell": 1.935962720678453,
  "HTML": 1.2188570811003248,
  "CSS": 0.37428718555108426
}
