{
  "TypeScript": 36.67279680065388,
  "F#": 43.36194062527367,
  "HTML": 7.5210905800274395,
  "PowerShell": 2.3338295822751554,
  "JavaScript": 1.3559272557433517,
  "Pug": 3.408062585748898,
  "Sass": 5.346352570277608
}
