{
  "TypeScript": 59.67186261133448,
  "Sass": 16.93813565802554,
  "F#": 14.06668196069435,
  "JavaScript": 3.2028913761807596,
  "Pug": 2.5500778787988554,
  "PowerShell": 1.553148758567674,
  "HTML": 1.5432881354567882,
  "CSS": 0.47391362094154865
}
