{
  "TypeScript": 70.69326261885256,
  "Sass": 8.090014434051039,
  "F#": 7.776689911483206,
  "JavaScript": 4.745158598536423,
  "Vue": 3.2988038862516853,
  "PowerShell": 1.8507364981679126,
  "HTML": 1.6619615656520967,
  "Pug": 1.247494022285718,
  "CSS": 0.44415392388297853,
  "Batchfile": 0.10704223743966386,
  "MDX": 0.0816375464206503,
  "GLSL": 0.0030447569760615498
}
