{
  "TypeScript": 66.35073019212946,
  "Sass": 13.269488489767289,
  "F#": 12.525362591117457,
  "JavaScript": 2.4060018536609804,
  "Pug": 1.983918238521079,
  "PowerShell": 1.8951491696099796,
  "HTML": 1.200652538764059,
  "CSS": 0.36869692642969865
}
