{
  "TypeScript": 68.02726255030316,
  "Sass": 8.845971376611054,
  "F#": 8.506698072769494,
  "JavaScript": 5.20468761054213,
  "Vue": 3.6070547206951513,
  "PowerShell": 2.023675263116279,
  "HTML": 1.6491325173850258,
  "Pug": 1.3640638720229052,
  "CSS": 0.5651433874478241,
  "Batchfile": 0.11704460804101659,
  "MDX": 0.08926602106594866
}
