{
  "TypeScript": 65.8755842651155,
  "Sass": 13.45210414798473,
  "F#": 12.697737535016229,
  "JavaScript": 2.4391134248053774,
  "Pug": 2.0112210644933457,
  "PowerShell": 1.9332925967955688,
  "HTML": 1.2171760056502108,
  "CSS": 0.37377096013903327
}
