{
  "TypeScript": 69.80574810754295,
  "Sass": 8.370719758836636,
  "F#": 8.049673982493603,
  "JavaScript": 4.909804940816722,
  "Vue": 3.4132649695838415,
  "PowerShell": 1.9149528965496192,
  "HTML": 1.6890099168785804,
  "Pug": 1.29077926207712,
  "CSS": 0.36081961677314045,
  "Batchfile": 0.11075636258384255,
  "MDX": 0.08447018586394393
}
