{
  "TypeScript": 67.87983205362103,
  "Sass": 11.949824750378555,
  "F#": 11.279702907480042,
  "JavaScript": 3.496392085428198,
  "PowerShell": 1.9312705668049304,
  "Pug": 1.7866156097643506,
  "HTML": 1.3443323736665944,
  "CSS": 0.332029652856301
}
