{
  "TypeScript": 66.22105893239531,
  "Sass": 13.315915407323384,
  "F#": 12.569185981659334,
  "JavaScript": 2.4144199060814535,
  "Pug": 1.9908595165190124,
  "PowerShell": 1.9137199945326775,
  "HTML": 1.2048533484993926,
  "CSS": 0.36998691298944714
}
