{
  "TypeScript": 66.59162944541237,
  "Sass": 13.149406812924605,
  "F#": 12.412014850233257,
  "JavaScript": 2.3842288412877446,
  "Pug": 1.965964854034246,
  "PowerShell": 1.9416074927587272,
  "HTML": 1.1897872842162749,
  "CSS": 0.36536041913278483
}
