{
  "TypeScript": 74.36998006828094,
  "Sass": 6.453520233047792,
  "F#": 6.203576779623194,
  "JavaScript": 3.9052051691919076,
  "Vue": 2.6315030459249273,
  "PowerShell": 2.591427083760279,
  "HTML": 1.3544612591442264,
  "CSS": 0.999318405037427,
  "Pug": 0.9951438256452761,
  "C#": 0.34292272170432136,
  "Batchfile": 0.08538912393035891,
  "MDX": 0.06512343851755373,
  "GLSL": 0.0024288461917968754
}
