{
  "TypeScript": 73.14719624115226,
  "Sass": 6.791823132218683,
  "F#": 6.528777280123463,
  "JavaScript": 4.109921693334708,
  "Vue": 2.769450255736804,
  "PowerShell": 2.7272734534573395,
  "HTML": 1.425464084615612,
  "Pug": 1.0473107096326864,
  "CSS": 0.9309251018274218,
  "C#": 0.3608992285958719,
  "Batchfile": 0.08986534576590437,
  "MDX": 0.06853730370412973,
  "GLSL": 0.0025561698351190577
}
