{
  "TypeScript": 69.50667033516062,
  "Sass": 8.445316760216572,
  "F#": 8.121409933341345,
  "JavaScript": 4.953559448971017,
  "Vue": 3.4436828236013945,
  "PowerShell": 1.9320183040631882,
  "HTML": 1.734058688619358,
  "Pug": 1.302282246906198,
  "CSS": 0.36403511821456913,
  "Batchfile": 0.11174338553653215,
  "MDX": 0.08522295536919518
}
