{
  "TypeScript": 73.5976820933106,
  "Sass": 6.649123355803368,
  "F#": 6.391604235419241,
  "JavaScript": 4.0235700767943445,
  "Vue": 2.711262649170277,
  "PowerShell": 2.6699720036911336,
  "HTML": 1.3955143344229477,
  "Pug": 1.0253061607519904,
  "CSS": 1.025071554811768,
  "C#": 0.35331654597494405,
  "Batchfile": 0.08797722758340241,
  "MDX": 0.06709729890360823,
  "GLSL": 0.0025024633623723356
}
