{
  "TypeScript": 61.03753466533649,
  "Sass": 15.451358698139284,
  "F#": 14.64483475045534,
  "JavaScript": 2.813132098957523,
  "Pug": 2.319625843179967,
  "PowerShell": 1.8986078950017848,
  "HTML": 1.4038202802515125,
  "CSS": 0.43108576867809517
}
