{
  "TypeScript": 66.5382105230444,
  "Sass": 13.170432296360755,
  "F#": 12.431861267364889,
  "JavaScript": 2.388041147403425,
  "Pug": 1.9691083693321314,
  "PowerShell": 1.9447120614103242,
  "HTML": 1.1916897162569537,
  "CSS": 0.36594461882711254
}
