{
  "TypeScript": 58.9636423138645,
  "Sass": 16.566385010586746,
  "F#": 15.167830485886311,
  "JavaScript": 3.137777532440393,
  "Pug": 2.498235542289813,
  "PowerShell": 1.6899364795224332,
  "HTML": 1.5119135396007397,
  "CSS": 0.46427909580906795
}
