{
  "TypeScript": 72.88579298015134,
  "Sass": 7.436799233097846,
  "F#": 7.148773595055021,
  "JavaScript": 4.362018401103471,
  "Vue": 3.0324472732902357,
  "PowerShell": 1.6994649702921627,
  "HTML": 1.5277691526553374,
  "Pug": 1.1467671243180928,
  "CSS": 0.5839232188198908,
  "Batchfile": 0.09839928417800738,
  "MDX": 0.07504585406642696,
  "GLSL": 0.002798912972174432
}
