{
  "TypeScript": 60.08469174199105,
  "Sass": 15.872180154227724,
  "F#": 15.043690333595958,
  "JavaScript": 2.7459003292523096,
  "Pug": 2.382801408771161,
  "PowerShell": 1.985855877369968,
  "HTML": 1.4420536619212463,
  "CSS": 0.44282649287058745
}
