{
  "TypeScript": 66.15110730472253,
  "Sass": 12.690396371819615,
  "F#": 11.978744780148618,
  "JavaScript": 3.617400053602203,
  "Pug": 1.897338306260228,
  "PowerShell": 1.8847612530937303,
  "HTML": 1.4276452612209025,
  "CSS": 0.35260666913216837
}
