{
  "TypeScript": 69.3430666446008,
  "Sass": 11.079633932282945,
  "F#": 10.65469201810271,
  "JavaScript": 3.2664884890389483,
  "PowerShell": 1.9188192843618508,
  "Pug": 1.708498447352681,
  "HTML": 1.65481060048293,
  "CSS": 0.3068807751899598,
  "Batchfile": 0.06710980858718867
}
