{
  "TypeScript": 67.90382696700789,
  "Sass": 8.967311631085696,
  "F#": 8.62338451283847,
  "JavaScript": 5.230096839582942,
  "Vue": 3.656532716844941,
  "PowerShell": 2.0458442930879195,
  "HTML": 1.5945520088254588,
  "Pug": 1.3827747461942317,
  "CSS": 0.38653569100769275,
  "Batchfile": 0.1186501097909016,
  "MDX": 0.09049048373386094
}
