{
  "TypeScript": 66.42371830810902,
  "Sass": 12.537999204143189,
  "F#": 11.834893735364297,
  "JavaScript": 3.5739592101195115,
  "PowerShell": 1.996002964492656,
  "Pug": 1.874553440009704,
  "HTML": 1.4105008720401302,
  "CSS": 0.34837226572150043
}
