{
  "TypeScript": 67.03417409675058,
  "Sass": 9.94609631073231,
  "F#": 9.564629447229832,
  "JavaScript": 4.541339029406053,
  "Vue": 3.0387502953706935,
  "PowerShell": 2.239319278757408,
  "HTML": 1.714904697622295,
  "Pug": 1.5337050129963103,
  "CSS": 0.27548434944751055,
  "Batchfile": 0.11159748168701702
}
