{
  "TypeScript": 60.56755729789344,
  "Sass": 15.645823486343962,
  "F#": 14.829148942085801,
  "JavaScript": 2.8485370849204363,
  "Pug": 2.348819751438819,
  "PowerShell": 1.9021139748473137,
  "HTML": 1.4214882160498976,
  "CSS": 0.43651124642032973
}
