{
  "TypeScript": 68.27383578781256,
  "Sass": 8.827300522733998,
  "F#": 8.488743310094943,
  "JavaScript": 5.148436729460499,
  "Vue": 3.5994414480821844,
  "PowerShell": 2.0194039690408583,
  "HTML": 1.6952777446130367,
  "Pug": 1.361184794514148,
  "CSS": 0.3805005165047939,
  "Batchfile": 0.1167975664578153,
  "MDX": 0.08907761068516049
}
