{
  "TypeScript": 72.84111019607155,
  "Sass": 7.449054686267982,
  "F#": 7.160554397154422,
  "JavaScript": 4.369206777522735,
  "Vue": 3.0374445865676085,
  "PowerShell": 1.702265598990731,
  "HTML": 1.5302868356958876,
  "Pug": 1.1486569360971421,
  "CSS": 0.5848854935080864,
  "Batchfile": 0.09856144101207268,
  "MDX": 0.07516952567854077,
  "GLSL": 0.0028035254332322897
}
