{
  "TypeScript": 38.00860015418391,
  "CSS": 37.15592047524922,
  "Sass": 11.09283845101193,
  "F#": 8.421028764101292,
  "JavaScript": 1.9477055140752833,
  "Pug": 1.5377043670323867,
  "HTML": 1.0228688343109873,
  "PowerShell": 0.8133334400349981
}
