{
  "TypeScript": 70.92042388737116,
  "Sass": 8.026239028525362,
  "F#": 7.715384513724609,
  "JavaScript": 4.707751444770224,
  "Vue": 3.2727986723784097,
  "PowerShell": 1.836146725596552,
  "HTML": 1.648859948382858,
  "Pug": 1.2376597459923084,
  "CSS": 0.4445229001508489,
  "Batchfile": 0.10619839937772459,
  "MDX": 0.08099397925874462,
  "GLSL": 0.0030207544711886103
}
