{
  "TypeScript": 68.29125722093875,
  "Sass": 9.119351150523727,
  "F#": 8.769592795900287,
  "JavaScript": 4.552328611970938,
  "Vue": 3.649671049103456,
  "PowerShell": 2.076241100521474,
  "HTML": 1.6215874159925692,
  "Pug": 1.4062194993768489,
  "CSS": 0.3930893497991115,
  "Batchfile": 0.12066180587285143
}
