{
  "TypeScript": 67.70636629498509,
  "Sass": 8.934754487343175,
  "F#": 8.592076047081768,
  "JavaScript": 5.256924763114728,
  "Vue": 3.643257137032495,
  "PowerShell": 2.0439859986276048,
  "HTML": 1.665684132653651,
  "Pug": 1.3777543791068083,
  "CSS": 0.5708154822140327,
  "Batchfile": 0.1182193331168606,
  "MDX": 0.09016194472379235
}
