{
  "TypeScript": 73.01673254995397,
  "Sass": 6.871878760742235,
  "F#": 6.605732371337658,
  "JavaScript": 4.158365587991165,
  "Vue": 2.802093932783691,
  "PowerShell": 2.7594199899942535,
  "HTML": 1.4657044554667502,
  "Pug": 1.0596554240763476,
  "CSS": 0.7324077074959852,
  "C#": 0.36515316955052535,
  "Batchfile": 0.090924594011585,
  "MDX": 0.06934515703283549,
  "GLSL": 0.0025862995629961955
}
