{
  "TypeScript": 68.18911495804923,
  "Sass": 8.88605779882864,
  "F#": 8.545247043380474,
  "JavaScript": 5.182706336300055,
  "Vue": 3.6234004573406517,
  "PowerShell": 2.0328457541313245,
  "HTML": 1.5801035914200554,
  "Pug": 1.3702452666914706,
  "CSS": 0.38303324707682407,
  "Batchfile": 0.11757500762931161,
  "MDX": 0.08967053915195498
}
