{
  "TypeScript": 69.98148006907327,
  "Sass": 8.313923585239595,
  "F#": 7.995056136707207,
  "JavaScript": 4.8764914215758175,
  "Vue": 3.3901056242311887,
  "PowerShell": 1.9019597489737767,
  "HTML": 1.7066888827612103,
  "Pug": 1.2820211952493543,
  "CSS": 0.3583714194637238,
  "Batchfile": 0.11000486954889203,
  "MDX": 0.08389704717595499
}
