{
  "TypeScript": 63.67206859164863,
  "Sass": 14.336216126615122,
  "F#": 13.532270313882231,
  "JavaScript": 2.5994191563389597,
  "Pug": 2.1434044474965703,
  "PowerShell": 2.0211126691237786,
  "HTML": 1.2971724043443182,
  "CSS": 0.3983362905503806
}
