{
  "TypeScript": 65.81025059591865,
  "Sass": 13.477859177147256,
  "F#": 12.722048274578961,
  "JavaScript": 2.4437832843823992,
  "Pug": 2.015071693108652,
  "PowerShell": 1.936994025706794,
  "HTML": 1.2195063774029555,
  "CSS": 0.3744865717543304
}
