{
  "TypeScript": 67.90301452735983,
  "Sass": 8.967538617633224,
  "F#": 8.623602793674365,
  "JavaScript": 5.230229227267646,
  "Vue": 3.6566252734295075,
  "PowerShell": 2.0458960788573863,
  "HTML": 1.594592371184907,
  "Pug": 1.382809747906959,
  "CSS": 0.3865454752558161,
  "Batchfile": 0.11865311314128053,
  "MDX": 0.09049277428908327
}
