{
  "TypeScript": 67.98414806382934,
  "Sass": 11.91101554979377,
  "F#": 11.243070047850924,
  "JavaScript": 3.4850369246119577,
  "PowerShell": 1.9249984190223235,
  "Pug": 1.7808132549168405,
  "HTML": 1.3399664130075817,
  "CSS": 0.33095132696726326
}
