{
  "TypeScript": 66.97754761360184,
  "Sass": 9.675202237614547,
  "F#": 9.304125089753787,
  "JavaScript": 4.4346051914387115,
  "Vue": 3.5202829335235943,
  "PowerShell": 2.2027940595794457,
  "HTML": 1.7120072645093896,
  "Pug": 1.4919326849440084,
  "CSS": 0.5661173905572757,
  "Batchfile": 0.11538553447740253
}
