{
  "TypeScript": 66.97378948051254,
  "Sass": 9.676303327783424,
  "F#": 9.305183949342945,
  "JavaScript": 4.435109873414264,
  "Vue": 3.520683560697536,
  "PowerShell": 2.203044749417601,
  "HTML": 1.7122021001646763,
  "Pug": 1.4921024749258274,
  "CSS": 0.5661818177679804,
  "Batchfile": 0.1153986659732125
}
