{
  "TypeScript": 73.60573202098301,
  "Sass": 6.647096073112194,
  "F#": 6.3896554689515535,
  "JavaScript": 4.022343311469514,
  "Vue": 2.7104359994683884,
  "PowerShell": 2.6691579432895796,
  "HTML": 1.3950888494523621,
  "Pug": 1.0249935503037222,
  "CSS": 1.024759015893615,
  "C#": 0.35320882162094547,
  "Batchfile": 0.08795040379007607,
  "MDX": 0.06707684129056468,
  "GLSL": 0.002501700374473275
}
