{
  "TypeScript": 68.22527842204936,
  "Sass": 9.138326479812386,
  "F#": 8.787840356311436,
  "JavaScript": 4.561800989228543,
  "Vue": 3.6572651979424395,
  "PowerShell": 2.0805612936925395,
  "HTML": 1.6249615765749306,
  "Pug": 1.409145527513322,
  "CSS": 0.3939072807822687,
  "Batchfile": 0.12091287609278371
}
