{
  "TypeScript": 67.09689980835344,
  "Sass": 9.624777987699755,
  "F#": 9.255634782549635,
  "JavaScript": 4.411493360289881,
  "Vue": 3.6946016343727677,
  "PowerShell": 2.191313758140451,
  "HTML": 1.711461551261777,
  "Pug": 1.4841571796146014,
  "CSS": 0.4148757580114037,
  "Batchfile": 0.11478417970629286
}
