{
  "TypeScript": 60.40147785543447,
  "Sass": 15.711055065935806,
  "F#": 14.890975589327427,
  "JavaScript": 2.860413390040297,
  "Pug": 2.3586126027193286,
  "PowerShell": 1.91171954249765,
  "HTML": 1.4274147766930658,
  "CSS": 0.43833117735195853
}
