{
  "TypeScript": 65.78729961143999,
  "Sass": 13.491675647109199,
  "F#": 12.735089945034916,
  "JavaScript": 2.4462884640180067,
  "Pug": 2.0171373904240095,
  "PowerShell": 1.9268819532104353,
  "HTML": 1.2207565220298082,
  "CSS": 0.37487046673362867
}
