{
  "TypeScript": 67.81375812987329,
  "Sass": 9.256678635117568,
  "F#": 8.901653301049725,
  "JavaScript": 4.620881717011821,
  "Vue": 3.7046311155046237,
  "PowerShell": 2.1075070275637273,
  "HTML": 1.6460067542998238,
  "Pug": 1.427395631696871,
  "CSS": 0.39900884678278026,
  "Batchfile": 0.12247884109976201
}
