{
  "TypeScript": 73.52951321113834,
  "Sass": 6.6651458924201155,
  "F#": 6.407006222631943,
  "JavaScript": 4.0332657607869145,
  "Vue": 2.717796037520793,
  "PowerShell": 2.676405893078596,
  "HTML": 1.3988771355511553,
  "CSS": 1.032088336602214,
  "Pug": 1.0277768632228184,
  "C#": 0.3541679405110742,
  "Batchfile": 0.08818922821490892,
  "MDX": 0.06725898471857054,
  "GLSL": 0.0025084936025574094
}
