{
  "TypeScript": 71.16957411321164,
  "Sass": 7.958117045392857,
  "F#": 7.649900880376935,
  "JavaScript": 4.667794827060125,
  "Vue": 3.245021087489213,
  "PowerShell": 1.8182226606739387,
  "HTML": 1.6348653976110203,
  "Pug": 1.2271552200193558,
  "CSS": 0.44075005194654465,
  "Batchfile": 0.10529704999784725,
  "MDX": 0.08030655013169151,
  "GLSL": 0.0029951160888276552
}
