{
  "TypeScript": 71.36535595765001,
  "Sass": 7.899279425919113,
  "F#": 7.593342029276341,
  "JavaScript": 4.633283907674356,
  "Vue": 3.2210293172198248,
  "PowerShell": 1.8051514171785754,
  "HTML": 1.6227781679803488,
  "Pug": 1.21808235875596,
  "CSS": 0.4544930896982805,
  "Batchfile": 0.10451854577076157,
  "MDX": 0.07971281090783415,
  "GLSL": 0.002972971968590551
}
