{
  "TypeScript": 69.85791660155617,
  "Sass": 8.356257143727623,
  "F#": 8.035766058215177,
  "JavaScript": 4.9013219643027375,
  "Vue": 3.407367658606724,
  "PowerShell": 1.9116443128802822,
  "HTML": 1.6860917090007774,
  "Pug": 1.2885491021630446,
  "CSS": 0.36019620619537474,
  "Batchfile": 0.11056500190171803,
  "MDX": 0.08432424145037695
}
