{
  "TypeScript": 59.665832690910335,
  "Sass": 16.94185182874177,
  "F#": 14.069768144004735,
  "JavaScript": 3.2035940799127243,
  "Pug": 2.550637357417319,
  "PowerShell": 1.550671575248029,
  "HTML": 1.5436267277488491,
  "CSS": 0.47401759601623944
}
