{
  "TypeScript": 73.52804192645934,
  "Sass": 6.666661439450013,
  "F#": 6.408463072850673,
  "JavaScript": 4.034182860583859,
  "Vue": 2.7184140206495964,
  "PowerShell": 2.6770144647539236,
  "HTML": 1.3991952177240279,
  "Pug": 1.0280105631594134,
  "CSS": 1.0277753384100061,
  "C#": 0.35424847260729386,
  "Batchfile": 0.08820928102771261,
  "MDX": 0.06727427833046883,
  "GLSL": 0.002509063993677159
}
