{
  "TypeScript": 67.99210518338235,
  "Sass": 9.205386490899091,
  "F#": 8.852328386261373,
  "JavaScript": 4.595276968182547,
  "Vue": 3.684103399145125,
  "PowerShell": 2.0958291289717685,
  "HTML": 1.6368860729891606,
  "Pug": 1.4194862955857452,
  "CSS": 0.39679790048979907,
  "Batchfile": 0.12180017409304884
}
