{
  "TypeScript": 70.67467051452353,
  "Sass": 8.119557318201656,
  "F#": 7.805088606071835,
  "JavaScript": 4.7624868334729165,
  "Vue": 3.310850364269937,
  "PowerShell": 1.8574949649672496,
  "HTML": 1.666789220016368,
  "Pug": 1.2520495854036096,
  "CSS": 0.3585879180223136,
  "Batchfile": 0.10743313123171847,
  "MDX": 0.08193566808605728,
  "GLSL": 0.003055875732813325
}
