{
  "TypeScript": 67.721605786803,
  "Sass": 9.039221877415288,
  "F#": 8.692536754895427,
  "JavaScript": 5.210376527046436,
  "Vue": 3.6858550131136494,
  "PowerShell": 2.0622502320270715,
  "HTML": 1.6073389657705586,
  "Pug": 1.3938634288126062,
  "CSS": 0.38963537995562514,
  "Batchfile": 0.1196015832060241,
  "MDX": 0.07771445095431433
}
