{
  "TypeScript": 65.06552063107782,
  "Sass": 13.771437391848307,
  "F#": 12.999163220706631,
  "JavaScript": 2.497014403977545,
  "Pug": 2.0589645059346338,
  "PowerShell": 1.979186130586314,
  "HTML": 1.246069980745952,
  "CSS": 0.3826437351227953
}
