{
  "TypeScript": 67.41625583001874,
  "Sass": 12.122291302849183,
  "F#": 11.44249788681933,
  "JavaScript": 3.5468539709918576,
  "PowerShell": 1.9591437434834658,
  "Pug": 1.8124010452199208,
  "HTML": 1.363734530158771,
  "CSS": 0.3368216904587211
}
