{
  "TypeScript": 67.43976111296746,
  "Sass": 9.019258410637473,
  "F#": 8.67333895545266,
  "JavaScript": 5.306644178189359,
  "Vue": 3.677714661532505,
  "PowerShell": 2.063317792946892,
  "HTML": 1.6426135429429143,
  "Pug": 1.390785028190155,
  "CSS": 0.5762141921385799,
  "Batchfile": 0.11933743854121916,
  "MDX": 0.09101468646076981
}
