{
  "TypeScript": 69.90310964795754,
  "Sass": 8.335629042204115,
  "F#": 8.015929115045896,
  "JavaScript": 4.889222651734919,
  "Vue": 3.398956293951387,
  "PowerShell": 1.906925263156863,
  "HTML": 1.711144596326147,
  "Pug": 1.285368213729352,
  "CSS": 0.35930703251606094,
  "Batchfile": 0.11029206318705828,
  "MDX": 0.08411608019066312
}
