{
  "TypeScript": 66.773107478476,
  "Sass": 12.364007153756159,
  "F#": 11.670658804925939,
  "JavaScript": 3.6110130500617053,
  "PowerShell": 1.9982086434412718,
  "Pug": 1.8485399277038836,
  "HTML": 1.3909270999571126,
  "CSS": 0.3435378416779234
}
