{
  "TypeScript": 67.7930889851058,
  "Sass": 9.287031252048008,
  "F#": 8.930841791149112,
  "JavaScript": 4.551164142065091,
  "Vue": 3.716778587999878,
  "PowerShell": 2.1144175357500186,
  "HTML": 1.651404004701133,
  "Pug": 1.4320760569903137,
  "CSS": 0.40031719539848215,
  "Batchfile": 0.12288044879216711
}
