{
  "TypeScript": 37.5862924009929,
  "CSS": 36.743086715784415,
  "Sass": 11.05716599532036,
  "F#": 9.043918446591698,
  "JavaScript": 2.099243185637146,
  "Pug": 1.6178258931279987,
  "HTML": 1.0115038948637392,
  "PowerShell": 0.8409634676817317
}
