{
  "TypeScript": 70.5154518379221,
  "Sass": 8.166034865439304,
  "F#": 7.849766087881038,
  "JavaScript": 4.789748012635385,
  "Vue": 3.3298021615381437,
  "PowerShell": 1.868127540931019,
  "HTML": 1.6763301680844178,
  "Pug": 1.2592165024495703,
  "CSS": 0.35199668076254104,
  "Batchfile": 0.108048094367765,
  "MDX": 0.08240467997114877,
  "GLSL": 0.0030733680175719816
}
