{
  "TypeScript": 61.40805743917033,
  "Sass": 15.304420350291911,
  "F#": 14.505566232730175,
  "JavaScript": 2.786379954309751,
  "Pug": 2.2975668129238134,
  "PowerShell": 1.880552634441745,
  "HTML": 1.3904703194691228,
  "CSS": 0.4269862566631613
}
