{
  "TypeScript": 68.00014944970484,
  "Sass": 9.076400824108372,
  "F#": 8.728289761627721,
  "JavaScript": 4.902804316961474,
  "Vue": 3.701015190494999,
  "PowerShell": 2.066462418736723,
  "HTML": 1.6139500624486265,
  "Pug": 1.3995964857969405,
  "CSS": 0.3912379773049948,
  "Batchfile": 0.12009351281531219
}
