{
  "TypeScript": 63.05064169268123,
  "Sass": 14.639264654873397,
  "F#": 13.875130072840792,
  "JavaScript": 2.6652792230315643,
  "Pug": 2.197710718002081,
  "PowerShell": 1.8335067637877214,
  "HTML": 1.3300381546999653,
  "CSS": 0.4084287200832466
}
