{
  "TypeScript": 58.754063622199936,
  "Sass": 16.42671014229275,
  "F#": 15.588084081548075,
  "JavaScript": 3.111322233755774,
  "Pug": 2.477172364045814,
  "PowerShell": 1.6831166393966583,
  "HTML": 1.4991662610375114,
  "CSS": 0.46036465572347623
}
