{
  "TypeScript": 68.0178567668302,
  "Sass": 11.89847473449992,
  "F#": 11.23123249594643,
  "JavaScript": 3.481367614956446,
  "PowerShell": 1.9229716355366504,
  "Pug": 1.778938280443892,
  "HTML": 1.3385555953308486,
  "CSS": 0.33060287645560027
}
