{
  "TypeScript": 37.59863805635556,
  "CSS": 36.735818801362996,
  "Sass": 11.054978848202888,
  "F#": 9.042129527064805,
  "JavaScript": 2.0988279478009515,
  "Pug": 1.6175058813600447,
  "HTML": 1.0113038157630998,
  "PowerShell": 0.84079712208965
}
