{
  "TypeScript": 65.98816412132466,
  "Sass": 12.984384790145246,
  "F#": 12.256246926516749,
  "JavaScript": 3.2572411648367474,
  "Pug": 1.9412924485378262,
  "PowerShell": 1.9172407665286377,
  "HTML": 1.2946545519723145,
  "CSS": 0.3607752301378299
}
