{
  "TypeScript": 59.73581065422633,
  "Sass": 16.96172176488962,
  "F#": 13.96898646810483,
  "JavaScript": 3.207351355708485,
  "Pug": 2.5536288250526464,
  "PowerShell": 1.5524902515945067,
  "HTML": 1.5454371416768264,
  "CSS": 0.4745735387467631
}
