{
  "TypeScript": 65.8215206902803,
  "Sass": 13.47818066744481,
  "F#": 12.722351736355165,
  "JavaScript": 2.4438415764750037,
  "Pug": 2.0151197590507057,
  "PowerShell": 1.924954599377272,
  "HTML": 1.2195354665530194,
  "CSS": 0.374495504463732
}
