{
  "TypeScript": 38.24114578186036,
  "CSS": 36.225442515851505,
  "Sass": 10.93624026673186,
  "F#": 8.984905307069331,
  "JavaScript": 2.0696686137537514,
  "Pug": 1.6478286424659174,
  "HTML": 0.9972536189292235,
  "PowerShell": 0.8975152533380493
}
