{
  "TypeScript": 73.46321438706629,
  "Sass": 6.683898192497841,
  "F#": 6.425032250152701,
  "JavaScript": 4.044613300819834,
  "Vue": 2.725442520833874,
  "PowerShell": 2.6839359257660838,
  "HTML": 1.4028128579255978,
  "Pug": 1.0306684998746156,
  "CSS": 1.0268165620747638,
  "C#": 0.35516438734143185,
  "Batchfile": 0.08843734744557565,
  "MDX": 0.06744821698515904,
  "GLSL": 0.0025155512162297077
}
