{
  "TypeScript": 66.94879501887017,
  "Sass": 9.72090901503554,
  "F#": 9.348078855693807,
  "JavaScript": 4.455554780652162,
  "Vue": 3.4136654086554676,
  "PowerShell": 2.2091987638639425,
  "HTML": 1.720094985371475,
  "Pug": 1.4989807479697848,
  "CSS": 0.5687917947639143,
  "Batchfile": 0.11593062912374053
}
