{
  "TypeScript": 58.945522280683335,
  "Sass": 16.338843714393487,
  "F#": 15.555840731710163,
  "JavaScript": 3.094679779584758,
  "Pug": 2.4639219758040993,
  "PowerShell": 1.6521421266104352,
  "HTML": 1.4911472247823263,
  "CSS": 0.4579021664313963
}
