{
  "TypeScript": 63.578829069710196,
  "Sass": 14.388688284415835,
  "F#": 13.581799939903542,
  "JavaScript": 2.6089333217893804,
  "Pug": 2.151249548003321,
  "PowerShell": 1.9887853894301533,
  "HTML": 1.3019202007289665,
  "CSS": 0.39979424601860947
}
