{
  "TypeScript": 62.407629812787,
  "Sass": 14.90815966089721,
  "F#": 14.129989403037795,
  "JavaScript": 2.7142352525609326,
  "Pug": 2.238078417520311,
  "PowerShell": 1.8315083009537265,
  "HTML": 1.3544683857294242,
  "CSS": 0.4159307665135994
}
