{
  "TypeScript": 68.63657123503482,
  "Sass": 8.726375154591032,
  "F#": 8.391688775536386,
  "JavaScript": 5.0895729951916415,
  "Vue": 3.5582878754445297,
  "PowerShell": 1.9963154734719224,
  "HTML": 1.675895088495348,
  "Pug": 1.3456219306303208,
  "CSS": 0.3761501316268878,
  "Batchfile": 0.11546218228656174,
  "MDX": 0.08805915769055109
}
