{
  "TypeScript": 66.63123281897437,
  "Sass": 13.133819076633186,
  "F#": 12.397301242457393,
  "JavaScript": 2.3814024985511377,
  "Pug": 1.9636343350884968,
  "PowerShell": 1.9393058478245375,
  "HTML": 1.1883768715114964,
  "CSS": 0.36492730895939157
}
