{
  "TypeScript": 67.0475024536038,
  "Sass": 9.691877517009944,
  "F#": 9.320160815063815,
  "JavaScript": 4.442248264809109,
  "Vue": 3.4034704957704545,
  "PowerShell": 2.2026009910165616,
  "HTML": 1.7149579211221944,
  "Pug": 1.4945040414644795,
  "CSS": 0.5670930978785589,
  "Batchfile": 0.11558440226107712
}
