{
  "TypeScript": 61.01726888286133,
  "Sass": 15.459395506683931,
  "F#": 14.652452056826695,
  "JavaScript": 2.8145953103508905,
  "Pug": 2.3208323641831394,
  "PowerShell": 1.899595429396111,
  "HTML": 1.4045504577746604,
  "CSS": 0.43130999192323966
}
