{
  "TypeScript": 61.30218114978974,
  "Sass": 15.346407747926936,
  "F#": 14.54536198868791,
  "JavaScript": 2.794024336810107,
  "Pug": 2.30387014550089,
  "PowerShell": 1.8857118962385757,
  "HTML": 1.3942850493881254,
  "CSS": 0.4281576856577175
}
