{
  "TypeScript": 58.970902740989274,
  "Sass": 16.48733494221751,
  "F#": 15.27655149410403,
  "JavaScript": 3.122804952223988,
  "Pug": 2.4863146742009534,
  "PowerShell": 1.6893283889575605,
  "HTML": 1.5046991190378087,
  "CSS": 0.4620636882688799
}
