{
  "TypeScript": 66.93805193153324,
  "Sass": 9.655962677617474,
  "F#": 9.285623432787006,
  "JavaScript": 4.4257867863502565,
  "Vue": 3.758812733946288,
  "PowerShell": 2.198413707889668,
  "HTML": 1.7170067594577898,
  "Pug": 1.488965911981684,
  "CSS": 0.4162199731075335,
  "Batchfile": 0.11515608532906929
}
