{
  "TypeScript": 37.961664142292136,
  "CSS": 37.11003741935656,
  "Sass": 11.110445049228634,
  "F#": 8.410629814794833,
  "JavaScript": 1.9453003339634278,
  "Pug": 1.6279884531512054,
  "HTML": 1.0216057153438012,
  "PowerShell": 0.8123290718694092
}
