{
  "TypeScript": 73.52808343879227,
  "Sass": 6.666650985041297,
  "F#": 6.4084530233389625,
  "JavaScript": 4.03417653432943,
  "Vue": 2.7184097577345696,
  "PowerShell": 2.677010266760129,
  "HTML": 1.3991930235585057,
  "Pug": 1.0280089510717607,
  "CSS": 1.0277737266912241,
  "C#": 0.3542479170881103,
  "Batchfile": 0.0882091427012227,
  "MDX": 0.06727417283346585,
  "GLSL": 0.002509060059057001
}
