{
  "TypeScript": 67.55345944004637,
  "Sass": 10.077908962790262,
  "F#": 9.691386632561988,
  "JavaScript": 4.385920204059136,
  "Vue": 2.3907253605348964,
  "PowerShell": 2.2484908323920174,
  "HTML": 1.7058661075269328,
  "Pug": 1.554030748734409,
  "CSS": 0.2791352614804007,
  "Batchfile": 0.11307644987358907
}
