{
  "JavaScript": 1.3555711200607015,
  "TypeScript": 36.64419541236211,
  "PowerShell": 2.378450942625343,
  "HTML": 7.519115157882449,
  "Pug": 3.4071674546197395,
  "Sass": 5.344948345298547,
  "F#": 43.350551567151115
}
