{
  "TypeScript": 72.9157148785838,
  "Sass": 7.413048709462547,
  "F#": 7.1259429241022385,
  "JavaScript": 4.432135620647204,
  "Vue": 3.0227627022295382,
  "PowerShell": 1.6666608542203591,
  "HTML": 1.522889994803673,
  "Pug": 1.1431047530698435,
  "CSS": 0.5820583732357772,
  "Batchfile": 0.09808503143952207,
  "MDX": 0.0748061839778755,
  "GLSL": 0.0027899742276130722
}
