{
  "TypeScript": 65.77280711393087,
  "Sass": 13.49739071997656,
  "F#": 12.74048452825141,
  "JavaScript": 2.4473247116415133,
  "Pug": 2.017991849682539,
  "PowerShell": 1.9276981802720274,
  "HTML": 1.2212736344077804,
  "CSS": 0.375029261837309
}
