{
  "TypeScript": 73.05706485448272,
  "Sass": 6.881890490324075,
  "F#": 6.615356348781737,
  "JavaScript": 4.16442396492401,
  "Vue": 2.8061763398945683,
  "PowerShell": 2.7634402248826175,
  "HTML": 1.4678398593593305,
  "Pug": 1.0611992498516782,
  "CSS": 0.6538301838381402,
  "C#": 0.365685165954533,
  "Batchfile": 0.09105706323569049,
  "MDX": 0.06944618689441995,
  "GLSL": 0.002590067576481863
}
