{
  "TypeScript": 70.8934697838253,
  "Sass": 8.033678616950613,
  "F#": 7.722535968487004,
  "JavaScript": 4.712115099158413,
  "Vue": 3.2758322569794505,
  "PowerShell": 1.8378486654314186,
  "HTML": 1.6503882905295661,
  "Pug": 1.2388069432148132,
  "CSS": 0.4449349321637217,
  "Batchfile": 0.1062968355668267,
  "MDX": 0.08106905325896649,
  "GLSL": 0.0030235544339008483
}
