{
  "TypeScript": 69.33427531254114,
  "Sass": 11.08281118226646,
  "F#": 10.657747409665802,
  "JavaScript": 3.2674252032446143,
  "PowerShell": 1.9193695343589958,
  "Pug": 1.7089883847185598,
  "HTML": 1.655285142059415,
  "CSS": 0.3069687778210822,
  "Batchfile": 0.06712905332393092
}
