{
  "TypeScript": 64.70115021786171,
  "Sass": 13.91507497923172,
  "F#": 13.13474590462681,
  "JavaScript": 2.523058535352043,
  "Pug": 2.0804397293064216,
  "PowerShell": 1.9998292568403977,
  "HTML": 1.2590666259509902,
  "CSS": 0.3866347508299102
}
