{
  "TypeScript": 72.90090771558245,
  "Sass": 7.409611885357334,
  "F#": 7.122639207456932,
  "JavaScript": 4.430080802024582,
  "Vue": 3.021361294505602,
  "PowerShell": 1.6932520897676333,
  "HTML": 1.5221839553253345,
  "Pug": 1.1425747889317261,
  "CSS": 0.5817885203957138,
  "Batchfile": 0.0980395574363658,
  "MDX": 0.07477150247146831,
  "GLSL": 0.002788680744856627
}
