{
  "TypeScript": 66.1441626007494,
  "Sass": 12.693000032946658,
  "F#": 11.981202433260552,
  "JavaScript": 3.6181422277332995,
  "Pug": 1.897727579049519,
  "PowerShell": 1.8851479454762738,
  "HTML": 1.4279381681058367,
  "CSS": 0.35267901267847357
}
