{
  "TypeScript": 72.47287387239844,
  "Sass": 7.032776335793255,
  "F#": 6.760398417842449,
  "JavaScript": 4.255729200269317,
  "Vue": 2.867701917811845,
  "PowerShell": 2.8240288110162104,
  "HTML": 1.5000223328387023,
  "Pug": 1.0844661045408452,
  "CSS": 0.6616310251103821,
  "C#": 0.373702834285374,
  "Batchfile": 0.0930534945929716,
  "MDX": 0.07096879854290634,
  "GLSL": 0.0026468549573111923
}
