{
  "TypeScript": 74.55196997558255,
  "Sass": 6.407696017845839,
  "F#": 6.159527326440177,
  "JavaScript": 3.877475657914569,
  "Vue": 2.6128176529104996,
  "PowerShell": 2.573026256292768,
  "HTML": 1.3448436981882856,
  "CSS": 0.9922225906610799,
  "Pug": 0.9880776535133995,
  "C#": 0.3404877460585416,
  "Batchfile": 0.08478280529346155,
  "MDX": 0.06466101950381335,
  "GLSL": 0.0024115997950140172
}
