{
  "TypeScript": 60.01720241890154,
  "Sass": 15.921668634633448,
  "F#": 15.090595633754466,
  "JavaScript": 2.7544618774025857,
  "Pug": 2.3902308368448653,
  "PowerShell": 1.935083503408418,
  "HTML": 1.446549896445965,
  "CSS": 0.44420719860871666
}
