{
  "TypeScript": 70.47989853348578,
  "Sass": 8.17588170189115,
  "F#": 7.862308632442552,
  "JavaScript": 4.795523626639383,
  "Vue": 3.33381733142683,
  "PowerShell": 1.870380182105084,
  "HTML": 1.6783515345464055,
  "Pug": 1.2607349014230507,
  "CSS": 0.3524211283437938,
  "Batchfile": 0.10817838182449332,
  "MDX": 0.08250404587148023
}
