{
  "TypeScript": 72.01960812630651,
  "Sass": 7.674373684457554,
  "F#": 7.377146838907202,
  "JavaScript": 4.501366539459955,
  "Vue": 3.1293212071760474,
  "PowerShell": 1.7537557270098239,
  "HTML": 1.5765749502666286,
  "Pug": 1.183401509872661,
  "CSS": 0.6025771092906631,
  "Batchfile": 0.10154272737447514,
  "MDX": 0.07744325341093304,
  "GLSL": 0.002888326467540626
}
