{
  "TypeScript": 73.12281089318759,
  "Sass": 6.805440830884095,
  "F#": 6.541867568242503,
  "JavaScript": 4.118162142779389,
  "Vue": 2.7750030415378015,
  "PowerShell": 2.732741674190471,
  "HTML": 1.4283221596839362,
  "Pug": 1.0494105819902544,
  "CSS": 0.9033367270491961,
  "C#": 0.3616228365061375,
  "Batchfile": 0.09004552701846054,
  "MDX": 0.06867472193941256,
  "GLSL": 0.002561294990747322
}
