{
  "TypeScript": 72.68666209800196,
  "Sass": 6.978156584827383,
  "F#": 6.707894078107753,
  "JavaScript": 4.222677264874491,
  "Vue": 2.84543003582435,
  "PowerShell": 2.8020961143096326,
  "HTML": 1.488372474752656,
  "Pug": 1.0760436457944347,
  "CSS": 0.6564924965837604,
  "C#": 0.37080048750661704,
  "Batchfile": 0.09233079868192656,
  "MDX": 0.07041762246141599,
  "GLSL": 0.002626298273619244
}
