{
  "TypeScript": 72.365467240438,
  "Sass": 7.208171832982356,
  "F#": 6.929000885072789,
  "JavaScript": 4.3096432241065346,
  "Vue": 2.9392216106968334,
  "PowerShell": 2.8944593086937207,
  "HTML": 1.505725844464565,
  "Pug": 1.1115123893235128,
  "CSS": 0.5659718336605729,
  "Batchfile": 0.09537422301799647,
  "MDX": 0.07273874075505865,
  "GLSL": 0.0027128667880674555
}
