{
  "TypeScript": 67.1285190220643,
  "Sass": 9.689668494246598,
  "F#": 9.318036515890373,
  "JavaScript": 4.4412357646490355,
  "Vue": 3.3252002037650956,
  "PowerShell": 2.2060876531799547,
  "HTML": 1.7145670390583956,
  "Pug": 1.4941634063871467,
  "CSS": 0.5669638430917593,
  "Batchfile": 0.1155580576673455
}
