{
  "TypeScript": 59.771102265990784,
  "Sass": 16.957829746220323,
  "F#": 13.932072702049837,
  "JavaScript": 3.2092462425041637,
  "Pug": 2.555137495916861,
  "PowerShell": 1.553407454904001,
  "HTML": 1.5463501780450133,
  "CSS": 0.47485391436901897
}
