{
  "TypeScript": 73.35530031860293,
  "Sass": 6.716888956652466,
  "F#": 6.456745289092847,
  "JavaScript": 4.064576932769491,
  "Vue": 2.738894914756142,
  "PowerShell": 2.697183449080017,
  "HTML": 1.4097369412697824,
  "Pug": 1.0357557319690736,
  "CSS": 1.008817077053243,
  "C#": 0.3569174278877488,
  "Batchfile": 0.08887386152583386,
  "MDX": 0.06778113172370262,
  "GLSL": 0.0025279676167348293
}
