{
  "TypeScript": 73.71849063301308,
  "Sass": 6.618699099654528,
  "F#": 6.362358304180699,
  "JavaScript": 4.005159510453692,
  "Vue": 2.698856780770626,
  "PowerShell": 2.657755068043574,
  "HTML": 1.3891289083603062,
  "Pug": 1.0206146885688974,
  "CSS": 1.0203811561102212,
  "C#": 0.3516998827667058,
  "Batchfile": 0.08757467200366179,
  "MDX": 0.0667902831814594,
  "GLSL": 0.002491012892548602
}
