{
  "TypeScript": 70.48361664487346,
  "Sass": 8.17485193446658,
  "F#": 7.861318360126145,
  "JavaScript": 4.794919621567572,
  "Vue": 3.3333974309668486,
  "PowerShell": 1.8701446042612109,
  "HTML": 1.678140143065918,
  "Pug": 1.260576109530036,
  "CSS": 0.35237674025074994,
  "Batchfile": 0.10816475655718791,
  "MDX": 0.08249365433428198
}
