{
  "TypeScript": 72.90480377045138,
  "Sass": 7.408546600433404,
  "F#": 7.121615180789449,
  "JavaScript": 4.429443886304405,
  "Vue": 3.0209269113440294,
  "PowerShell": 1.6930086497667867,
  "HTML": 1.5219651099061482,
  "Pug": 1.1424105201797394,
  "CSS": 0.5817048762657265,
  "Batchfile": 0.09802546222272954,
  "MDX": 0.0747607525218684,
  "GLSL": 0.002788279814335418
}
