{
  "TypeScript": 67.96462803550247,
  "Sass": 8.948766012265677,
  "F#": 8.605550182027532,
  "JavaScript": 5.219280288718082,
  "Vue": 3.6489705103822523,
  "PowerShell": 2.0471913872929104,
  "HTML": 1.5912542586232845,
  "Pug": 1.3799149801448432,
  "CSS": 0.3857362826810198,
  "Batchfile": 0.11840472524315068,
  "MDX": 0.09030333711877625
}
