{
  "TypeScript": 65.72734317943355,
  "Sass": 13.51531928600359,
  "F#": 12.757407696797094,
  "JavaScript": 2.4505754897802325,
  "Pug": 2.020672345555382,
  "PowerShell": 1.930258739184651,
  "HTML": 1.2228958505416843,
  "CSS": 0.3755274127038293
}
