{
  "TypeScript": 69.5608282013053,
  "Sass": 11.302952794232569,
  "F#": 10.669106213643504,
  "JavaScript": 3.333528923834392,
  "PowerShell": 1.8580653076683034,
  "Pug": 1.689901929144674,
  "HTML": 1.2715605188126946,
  "CSS": 0.31405611135856276
}
