{
  "TypeScript": 69.54428202923474,
  "Sass": 11.298899531417678,
  "F#": 10.66528024955508,
  "JavaScript": 3.3416651669366177,
  "PowerShell": 1.857399001513061,
  "Pug": 1.6892959267331882,
  "HTML": 1.2711045345171204,
  "CSS": 0.3139434901717691,
  "Batchfile": 0.0181300699207476
}
