{
  "TypeScript": 67.90541787551952,
  "Sass": 8.966867149047735,
  "F#": 8.622957078209222,
  "JavaScript": 5.229837599779796,
  "Vue": 3.656351473772243,
  "PowerShell": 2.0457428868830103,
  "HTML": 1.5944729717900934,
  "Pug": 1.3827062063059672,
  "CSS": 0.386516531623169,
  "Batchfile": 0.11864422867014057,
  "MDX": 0.09048599839909388
}
