{
  "TypeScript": 74.06386430180008,
  "Sass": 6.530598764313169,
  "F#": 6.277670075917011,
  "JavaScript": 3.9518475392258368,
  "Vue": 2.662932774580859,
  "PowerShell": 2.6223781594963853,
  "HTML": 1.3706384586788414,
  "CSS": 1.0112539056859413,
  "Pug": 1.007029466614642,
  "C#": 0.34701846771146005,
  "Batchfile": 0.08640898100384962,
  "MDX": 0.0659012495122693,
  "GLSL": 0.0024578554596650557
}
