{
  "TypeScript": 73.27982881946956,
  "Sass": 6.7582766533634,
  "F#": 6.496530049193735,
  "JavaScript": 4.089621782913264,
  "Vue": 2.7557712622418005,
  "PowerShell": 2.713802781524648,
  "HTML": 1.4184233681772405,
  "Pug": 1.0421377853836817,
  "CSS": 0.926327034616843,
  "C#": 0.35911665886381466,
  "Batchfile": 0.08942147880075066,
  "MDX": 0.06819878116537251,
  "GLSL": 0.002543544285888019
}
