{
  "TypeScript": 70.71540199603686,
  "Sass": 8.092362865262754,
  "F#": 7.778947388458163,
  "JavaScript": 4.74653605943568,
  "Vue": 3.2997614882523925,
  "PowerShell": 1.8512737441014504,
  "HTML": 1.6612067209679047,
  "Pug": 1.2478561543835336,
  "CSS": 0.41487338700006277,
  "Batchfile": 0.10707331047833692,
  "MDX": 0.0816612447914783,
  "GLSL": 0.003045640831383806
}
