{
  "TypeScript": 72.12036667995217,
  "Sass": 7.272103688523888,
  "F#": 6.990456673571709,
  "JavaScript": 4.347866992133042,
  "Vue": 2.965290619007624,
  "PowerShell": 2.920131304129169,
  "HTML": 1.5190806658262017,
  "Pug": 1.121370790476174,
  "CSS": 0.5709916403950072,
  "Batchfile": 0.09622013113307117,
  "MDX": 0.07338388667748894,
  "GLSL": 0.0027369281744518015
}
