{
  "TypeScript": 60.98510416838162,
  "Sass": 15.440957225932614,
  "F#": 14.634976210206288,
  "JavaScript": 2.8112383680622246,
  "Pug": 2.318064328480252,
  "PowerShell": 1.9759888633399372,
  "HTML": 1.4028752631877408,
  "CSS": 0.4307955724093271
}
