{
  "TypeScript": 65.67732878772686,
  "Sass": 12.876736886563418,
  "F#": 12.15463569820333,
  "JavaScript": 3.6583624270378508,
  "Pug": 1.9251980346936728,
  "PowerShell": 1.901345754749946,
  "HTML": 1.448608211869016,
  "CSS": 0.35778419915590276
}
