{
  "TypeScript": 59.673028164711624,
  "Sass": 16.043308589931573,
  "F#": 15.274468475073313,
  "JavaScript": 3.038703567937439,
  "Pug": 2.4193548387096775,
  "PowerShell": 1.6373411534701856,
  "HTML": 1.4641755254154447,
  "CSS": 0.44961968475073316
}
