{
  "TypeScript": 65.55528142952807,
  "Sass": 13.578369961198709,
  "F#": 12.816922618494536,
  "JavaScript": 2.462007734626069,
  "Pug": 2.0300990378176436,
  "PowerShell": 1.951439108243112,
  "HTML": 1.2286008144747087,
  "CSS": 0.37727929561715207
}
