{
  "TypeScript": 73.76805006817943,
  "Sass": 6.606218119801562,
  "F#": 6.350360709998484,
  "JavaScript": 3.997606921280919,
  "Vue": 2.6937675061866524,
  "PowerShell": 2.6527432995738303,
  "HTML": 1.3865094072079842,
  "Pug": 1.0186901001907471,
  "CSS": 1.0184570081077196,
  "C#": 0.3510366770392644,
  "Batchfile": 0.08740953113527498,
  "MDX": 0.06666433574583638,
  "GLSL": 0.0024863155522922664
}
