{
  "TypeScript": 73.44259613320109,
  "Sass": 6.687031209815878,
  "F#": 6.428043926382491,
  "JavaScript": 4.046509177021308,
  "Vue": 2.726720047566204,
  "PowerShell": 2.6851939966543217,
  "HTML": 1.4034704138684426,
  "CSS": 1.0354772467913653,
  "Pug": 1.0311516164880443,
  "C#": 0.355330867461901,
  "Batchfile": 0.0884788016588399,
  "MDX": 0.06747983273180856,
  "GLSL": 0.0025167303582958904
}
