{
  "TypeScript": 66.42401631935763,
  "Sass": 12.537887921278923,
  "F#": 11.834788693016494,
  "JavaScript": 3.5739274889165347,
  "PowerShell": 1.9959852486734604,
  "Pug": 1.8745368021337057,
  "HTML": 1.4104883529312566,
  "CSS": 0.3483691736919884
}
