{
  "TypeScript": 67.96477456938027,
  "Sass": 9.213246703711087,
  "F#": 8.859887132987161,
  "JavaScript": 4.599200742044262,
  "Vue": 3.687249148296159,
  "PowerShell": 2.0976186967414203,
  "HTML": 1.638283762580511,
  "Pug": 1.420698353806011,
  "CSS": 0.39713671472038975,
  "Batchfile": 0.12190417573272536
}
