{
  "TypeScript": 68.01975440469835,
  "Sass": 9.07901761879338,
  "F#": 8.730806193272825,
  "JavaScript": 4.875387079551522,
  "Vue": 3.7020822210357713,
  "PowerShell": 2.0670581954084355,
  "HTML": 1.614415376401495,
  "Pug": 1.4000000000000001,
  "CSS": 0.391350774159103,
  "Batchfile": 0.1201281366791244
}
