{
  "TypeScript": 72.28631306883638,
  "Sass": 7.228818350698651,
  "F#": 6.948847767589558,
  "JavaScript": 4.321987425554436,
  "Vue": 2.9476404847835607,
  "PowerShell": 2.9027499691802805,
  "HTML": 1.5100387265716992,
  "Pug": 1.1146961175655397,
  "CSS": 0.5675929586505639,
  "Batchfile": 0.09564740540471606,
  "MDX": 0.07294708785533012,
  "GLSL": 0.002720637309289701
}
