{
  "TypeScript": 59.93286924285528,
  "Sass": 15.926213025489597,
  "F#": 15.162984456822718,
  "JavaScript": 2.7676748915426996,
  "Pug": 2.401696653128062,
  "PowerShell": 1.9087347690698162,
  "HTML": 1.4534889230460155,
  "CSS": 0.44633803804581645
}
