{
  "TypeScript": 37.6031552917642,
  "CSS": 36.75957130679644,
  "Sass": 11.059883510723928,
  "F#": 9.047975952644233,
  "JavaScript": 2.1001849999604136,
  "Pug": 1.612613777614741,
  "HTML": 1.011957700722318,
  "PowerShell": 0.8046574597737247
}
