{
  "TypeScript": 67.02190280629706,
  "Sass": 9.69940679899612,
  "F#": 9.327401323294547,
  "JavaScript": 4.44569929272188,
  "Vue": 3.4061145334245952,
  "PowerShell": 2.204312114989733,
  "HTML": 1.716290212183436,
  "Pug": 1.4956650695870408,
  "CSS": 0.5675336527492585,
  "Batchfile": 0.1156741957563313
}
