{
  "TypeScript": 58.76428747394723,
  "Sass": 16.429568570099047,
  "F#": 15.595489009936223,
  "JavaScript": 3.111863637963329,
  "Pug": 2.47760341921785,
  "PowerShell": 1.6613159921949234,
  "HTML": 1.4994271324164845,
  "CSS": 0.4604447642249082
}
