{
  "TypeScript": 66.66026728761287,
  "Sass": 13.122391220877663,
  "F#": 12.386514237586237,
  "JavaScript": 2.3793304185193898,
  "Pug": 1.9619257589457126,
  "PowerShell": 1.9376184401203909,
  "HTML": 1.1873428539579127,
  "CSS": 0.36460978237982583
}
