{
  "TypeScript": 37.97486740758508,
  "CSS": 37.12294448442206,
  "Sass": 11.104448175688281,
  "F#": 8.413555075824206,
  "JavaScript": 1.9459769195916954,
  "Pug": 1.603635297566696,
  "HTML": 1.0219610351536472,
  "PowerShell": 0.8126116041683324
}
