{
  "TypeScript": 66.54597521194508,
  "Sass": 12.459738888962391,
  "F#": 11.761022099325686,
  "JavaScript": 3.6389723144681274,
  "PowerShell": 1.9835442126168876,
  "Pug": 1.862852757895294,
  "HTML": 1.401696736626549,
  "CSS": 0.34619777815999186
}
