{
  "TypeScript": 73.38591390332311,
  "Sass": 6.701303532597773,
  "F#": 6.441763485166494,
  "JavaScript": 4.055145757785216,
  "Vue": 2.732539764482973,
  "PowerShell": 2.690925083327882,
  "HTML": 1.4064658810844723,
  "CSS": 1.0376872956210794,
  "Pug": 1.0333524330007573,
  "C#": 0.3560892603384503,
  "Batchfile": 0.08866764450658624,
  "MDX": 0.0676238568770231,
  "GLSL": 0.002522101888187342
}
