{
  "TypeScript": 38.26386496727523,
  "CSS": 36.212116288289934,
  "Sass": 10.93221715986715,
  "F#": 8.98160003639696,
  "JavaScript": 2.0689072462449385,
  "Pug": 1.6472224569248468,
  "HTML": 0.9968867599555438,
  "PowerShell": 0.8971850850453986
}
