{
  "TypeScript": 70.26312322737628,
  "Sass": 8.235919749546673,
  "F#": 7.920044015312369,
  "JavaScript": 4.8307386513336334,
  "Vue": 3.3582985912000374,
  "PowerShell": 1.8841149667560404,
  "HTML": 1.690676192985447,
  "Pug": 1.2699928707592643,
  "CSS": 0.3550090665344141,
  "Batchfile": 0.1089727694000589,
  "MDX": 0.08310989879577825
}
