{
  "TypeScript": 72.6524115409489,
  "Sass": 6.986907098993441,
  "F#": 6.716305686738394,
  "JavaScript": 4.227972445166852,
  "Vue": 2.848998166681595,
  "PowerShell": 2.8056099050142205,
  "HTML": 1.490238873745911,
  "Pug": 1.0773929900017996,
  "CSS": 0.657315729313126,
  "C#": 0.37126546631287705,
  "Batchfile": 0.09244658025719049,
  "MDX": 0.07050592520948396,
  "GLSL": 0.00262959161620453
}
