{
  "TypeScript": 72.92850756335915,
  "Sass": 7.409547313913826,
  "F#": 7.1225771368515725,
  "JavaScript": 4.4300421958578,
  "Vue": 3.021334964697352,
  "PowerShell": 1.665873642490758,
  "HTML": 1.5221706901750405,
  "Pug": 1.1425648319050183,
  "CSS": 0.5817834503697584,
  "Batchfile": 0.09803870306560487,
  "MDX": 0.07477085087136799,
  "GLSL": 0.0027886564427549833
}
