{
  "TypeScript": 65.72018239612623,
  "Sass": 13.518143119394821,
  "F#": 12.760073175360892,
  "JavaScript": 2.451087502611697,
  "Pug": 2.0210945362503527,
  "PowerShell": 1.9306620392448328,
  "HTML": 1.2231513572051733,
  "CSS": 0.37560587380599597
}
