{
  "TypeScript": 72.93299979481269,
  "Sass": 7.4238514967759395,
  "F#": 7.1363273217817245,
  "JavaScript": 4.3544239693703375,
  "Vue": 3.0271676729576225,
  "PowerShell": 1.6965061403393884,
  "HTML": 1.5251092513282605,
  "Pug": 1.1447705612964345,
  "CSS": 0.5829065873857827,
  "Batchfile": 0.09822796746689717,
  "MDX": 0.07491519652142024,
  "GLSL": 0.002794039963502853
}
