{
  "TypeScript": 71.93360851513758,
  "Sass": 7.320817555152598,
  "F#": 7.037283862601966,
  "JavaScript": 4.376992183665774,
  "Vue": 2.985154303288922,
  "PowerShell": 2.9396924783066156,
  "HTML": 1.5292565786188217,
  "Pug": 1.1288825517860126,
  "CSS": 0.5748165598141576,
  "Batchfile": 0.09686468391116347,
  "MDX": 0.07387546559624733,
  "GLSL": 0.0027552621201397606
}
