{
  "TypeScript": 66.26829363989485,
  "Sass": 13.30199709655903,
  "F#": 12.556048181425824,
  "JavaScript": 2.411896260838859,
  "Pug": 1.9887785930082003,
  "PowerShell": 1.8997920508494526,
  "HTML": 1.2035939890924785,
  "CSS": 0.36960018833130615
}
