{
  "TypeScript": 72.7123453053336,
  "Sass": 7.290467130089715,
  "F#": 7.00810890298727,
  "JavaScript": 4.35884618121859,
  "Vue": 2.97277854043176,
  "PowerShell": 2.2654681804657497,
  "HTML": 1.5225736527962725,
  "Pug": 1.1242024644822846,
  "CSS": 0.5724335026225102,
  "Batchfile": 0.09646310522024028,
  "MDX": 0.07356919491463658,
  "GLSL": 0.0027438394373757234
}
