{
  "TypeScript": 59.78556403824702,
  "Sass": 17.026320637639262,
  "F#": 13.988342878891865,
  "JavaScript": 3.2222080506613056,
  "Pug": 2.5654574276187527,
  "HTML": 1.552595723832719,
  "PowerShell": 1.3827394437054987,
  "CSS": 0.4767717994035798
}
