{
  "TypeScript": 67.91100474676577,
  "Sass": 9.359781067537934,
  "F#": 9.000801402013192,
  "JavaScript": 4.331533848226788,
  "Vue": 3.630967582848236,
  "PowerShell": 2.13098079277153,
  "HTML": 1.664340252397601,
  "Pug": 1.4432942026049969,
  "CSS": 0.4034530739491506,
  "Batchfile": 0.12384303088480067
}
