{
  "TypeScript": 66.65567267000823,
  "Sass": 13.124199644785516,
  "F#": 12.388221248763177,
  "JavaScript": 2.3796583189714573,
  "Pug": 1.962196135997287,
  "PowerShell": 1.937885467330023,
  "HTML": 1.187506484135353,
  "CSS": 0.3646600300089655
}
