{
  "TypeScript": 69.40273144692136,
  "Sass": 8.474103279909025,
  "F#": 8.14909239139643,
  "JavaScript": 4.970444042015207,
  "Vue": 3.455420884615653,
  "PowerShell": 1.938603738871043,
  "HTML": 1.7399693626657071,
  "Pug": 1.3067211773347513,
  "CSS": 0.3652759602571782,
  "Batchfile": 0.11212427156598238,
  "MDX": 0.0855134444476559
}
