{
  "TypeScript": 66.23870507402827,
  "Sass": 13.033683329950238,
  "F#": 12.30278090457825,
  "JavaScript": 2.9674361671372247,
  "Pug": 1.9486630621320884,
  "PowerShell": 1.9245200617568723,
  "HTML": 1.2220663947888026,
  "CSS": 0.36214500562824087
}
