{
  "TypeScript": 65.59605155155688,
  "Sass": 12.907229431230327,
  "F#": 12.183418283046251,
  "JavaScript": 3.6670255519193256,
  "Pug": 1.9297569681861169,
  "PowerShell": 1.9058482052437857,
  "HTML": 1.4520385646823408,
  "CSS": 0.3586314441349673
}
