{
  "TypeScript": 68.02086988680419,
  "Sass": 8.933055404380323,
  "F#": 8.590442129770688,
  "JavaScript": 5.210117230264277,
  "Vue": 3.6425643148469953,
  "PowerShell": 2.0435973028003724,
  "HTML": 1.5884606252140676,
  "Pug": 1.3774923776163528,
  "CSS": 0.3850590774131594,
  "Batchfile": 0.1181968518662495,
  "MDX": 0.09014479902332628
}
