{
  "TypeScript": 72.11182749333524,
  "Sass": 7.2743310438761295,
  "F#": 6.9925977639292425,
  "JavaScript": 4.349198689978748,
  "Vue": 2.966198850822528,
  "PowerShell": 2.921025704204867,
  "HTML": 1.519545941432331,
  "Pug": 1.1217142524699786,
  "CSS": 0.5711665280672396,
  "Batchfile": 0.09624960216831104,
  "MDX": 0.07340636325369855,
  "GLSL": 0.002737766461676403
}
