{
  "TypeScript": 73.98884411812291,
  "Sass": 6.550613650546623,
  "F#": 6.296909789902694,
  "JavaScript": 3.963959105372235,
  "Vue": 2.6710940930838154,
  "PowerShell": 2.6304151867916823,
  "HTML": 1.3748391719377182,
  "Pug": 1.010115796204843,
  "CSS": 1.009884666055456,
  "C#": 0.3480820049770026,
  "Batchfile": 0.08667380602016996,
  "MDX": 0.06610322272471629,
  "GLSL": 0.0024653882601292786
}
