{
  "TypeScript": 67.18116758363756,
  "Sass": 9.936123667197995,
  "F#": 9.555039288735982,
  "JavaScript": 4.4552164503176295,
  "Vue": 3.0357034343169933,
  "PowerShell": 2.237073982489518,
  "HTML": 1.6808146628086889,
  "Pug": 1.5321672143561649,
  "CSS": 0.27520812980007386,
  "Batchfile": 0.11148558633939298
}
