{
  "TypeScript": 67.57187609855514,
  "Sass": 9.458698776737998,
  "F#": 9.09592527822647,
  "JavaScript": 4.377311137513516,
  "Vue": 3.669341022663054,
  "PowerShell": 2.153501804411575,
  "HTML": 1.6819296301734996,
  "Pug": 1.4585474820560056,
  "CSS": 0.4077169187503059,
  "Batchfile": 0.12515185091244044
}
