{
  "TypeScript": 74.01230601101307,
  "Sass": 6.5435809029795315,
  "F#": 6.2901494191393486,
  "JavaScript": 3.959703393580711,
  "Vue": 2.6682264028967997,
  "PowerShell": 2.6275911695328102,
  "HTML": 1.3733631427658897,
  "CSS": 1.013264171345234,
  "Pug": 1.0090313345364852,
  "C#": 0.3477083036714087,
  "Batchfile": 0.08658075290622727,
  "MDX": 0.06603225421648266,
  "GLSL": 0.0024627414159993535
}
