{
  "TypeScript": 65.60364672781087,
  "Sass": 12.904379971011315,
  "F#": 12.180728614754997,
  "JavaScript": 3.666216002241142,
  "Pug": 1.9293309460298902,
  "PowerShell": 1.90542746129767,
  "HTML": 1.4517180058708177,
  "CSS": 0.35855227098330106
}
