{
  "TypeScript": 69.53809743476604,
  "Sass": 11.332892089024382,
  "F#": 10.69736657373794,
  "JavaScript": 3.3158841265702614,
  "PowerShell": 1.8315650133376122,
  "Pug": 1.694378146372771,
  "HTML": 1.274928632075787,
  "CSS": 0.3148879841152049
}
