{
  "TypeScript": 69.52691971730326,
  "Sass": 8.439708568252204,
  "F#": 8.116016834749464,
  "JavaScript": 4.950269991264989,
  "Vue": 3.441396013658381,
  "PowerShell": 1.9307353291511158,
  "HTML": 1.7329071706503614,
  "Pug": 1.3014174541411896,
  "CSS": 0.36379337727308825,
  "Batchfile": 0.11166918129119352,
  "MDX": 0.08516636226475026
}
