{
  "TypeScript": 66.82496068081322,
  "Sass": 9.267120876390068,
  "F#": 8.911695046599911,
  "JavaScript": 5.4049576508107435,
  "Vue": 3.7787836610931334,
  "PowerShell": 2.1200207958443187,
  "HTML": 1.6478635757734954,
  "Pug": 1.4290058431090877,
  "CSS": 0.3994589592704451,
  "Batchfile": 0.12261700659733993,
  "MDX": 0.09351590369823791
}
