{
  "TypeScript": 62.02729246540273,
  "Sass": 15.059203847848698,
  "F#": 14.27314944489145,
  "JavaScript": 2.7417349216175664,
  "Pug": 2.260753834379087,
  "PowerShell": 1.8495292772260092,
  "HTML": 1.368191379091952,
  "CSS": 0.42014482954251486
}
