{
  "TypeScript": 74.57182316281563,
  "Sass": 6.402697077312802,
  "F#": 6.154721993801,
  "JavaScript": 3.874450659509803,
  "Vue": 2.6107792728072314,
  "PowerShell": 2.571018919301543,
  "HTML": 1.3437945233125195,
  "CSS": 0.9914485118482841,
  "Pug": 0.9873068083581081,
  "C#": 0.3402221157929931,
  "Batchfile": 0.08471666229905209,
  "MDX": 0.06461057444674372,
  "GLSL": 0.0024097183942841482
}
