{
  "TypeScript": 65.25099395545787,
  "Sass": 13.698322397129651,
  "F#": 12.9301483660342,
  "JavaScript": 2.483757313249507,
  "Pug": 2.048033099524841,
  "PowerShell": 1.9686782816691988,
  "HTML": 1.2394543750202023,
  "CSS": 0.38061221191453604
}
