{
  "TypeScript": 65.95964985331393,
  "Sass": 13.418964853923477,
  "F#": 12.666456625096378,
  "JavaScript": 2.433104662447892,
  "Pug": 2.0062664160944617,
  "PowerShell": 1.9285299253824681,
  "HTML": 1.2141774893488342,
  "CSS": 0.372850174392555
}
