{
  "TypeScript": 73.39625139276535,
  "Sass": 6.6998513858310655,
  "F#": 6.440367579732369,
  "JavaScript": 4.054267023256621,
  "Vue": 2.731947633599095,
  "PowerShell": 2.69034197018576,
  "HTML": 1.4061611053237915,
  "Pug": 1.033128509492868,
  "CSS": 1.0328921136780194,
  "C#": 0.35601209716183185,
  "Batchfile": 0.08864843056818522,
  "MDX": 0.06760920304666926,
  "GLSL": 0.002521555358383935
}
