{
  "TypeScript": 59.69832696864324,
  "Sass": 15.941319644032653,
  "F#": 15.177367124051699,
  "JavaScript": 3.0193862200190846,
  "Pug": 2.4039747537121037,
  "PowerShell": 1.857996270348512,
  "HTML": 1.4548676125487785,
  "CSS": 0.4467614066439397
}
