{
  "TypeScript": 74.28552717049037,
  "Sass": 6.474785081303197,
  "F#": 6.2240180448700135,
  "JavaScript": 3.918073122236175,
  "Vue": 2.640174051970383,
  "PowerShell": 2.5999660364110997,
  "HTML": 1.3589243137413176,
  "CSS": 1.0026112364650148,
  "Pug": 0.9984229015109228,
  "C#": 0.3440526785925062,
  "Batchfile": 0.0856704876973372,
  "MDX": 0.06533802528383585,
  "GLSL": 0.0024368494278353696
}
