{
  "TypeScript": 66.61627037423311,
  "Sass": 10.632617280801139,
  "F#": 10.224819986444272,
  "JavaScript": 4.375223531942245,
  "Vue": 2.522315678374113,
  "PowerShell": 1.8864220133006193,
  "HTML": 1.6889635871155564,
  "Pug": 1.639567717360585,
  "CSS": 0.2944994260074882,
  "Batchfile": 0.11930040442086781
}
