{
  "TypeScript": 61.788487984230315,
  "Sass": 15.15390885034236,
  "F#": 14.362911072891722,
  "JavaScript": 2.7589772682390876,
  "Pug": 2.27497136537778,
  "PowerShell": 1.8611606806243246,
  "HTML": 1.3767957229389356,
  "CSS": 0.4227870553554823
}
