{
  "TypeScript": 64.94002465544344,
  "Sass": 13.820908859653128,
  "F#": 13.045860429317802,
  "JavaScript": 2.505984489247487,
  "Pug": 2.0663609739552418,
  "PowerShell": 1.9862960088185606,
  "HTML": 1.2505462680920731,
  "CSS": 0.3840183154722691
}
