{
  "TypeScript": 73.53042867413411,
  "Sass": 6.666060364204844,
  "F#": 6.407885277120733,
  "JavaScript": 4.033819133180869,
  "Vue": 2.718168924751331,
  "PowerShell": 2.676773101495816,
  "HTML": 1.3990690643838333,
  "Pug": 1.0279178763315462,
  "CSS": 1.0276826727903214,
  "C#": 0.3542165330841221,
  "Batchfile": 0.08820132795919376,
  "MDX": 0.06726821279021176,
  "GLSL": 0.0025088377730615114
}
