{
  "TypeScript": 60.752448715919506,
  "Sass": 15.5352206512977,
  "F#": 14.724319310347367,
  "JavaScript": 2.8284003195017537,
  "Pug": 2.3322155679806236,
  "PowerShell": 1.9825304686148422,
  "HTML": 1.4114394879137788,
  "CSS": 0.43342547842442936
}
