{
  "TypeScript": 67.41502446396693,
  "Sass": 9.504449569127893,
  "F#": 9.139921371010562,
  "JavaScript": 4.398483759435981,
  "Vue": 3.6870892630181054,
  "PowerShell": 2.1639180800844193,
  "HTML": 1.6900649577847058,
  "Pug": 1.465602332265049,
  "CSS": 0.40968900524379576,
  "Batchfile": 0.12575719806255664
}
