{
  "TypeScript": 60.59027520488463,
  "Sass": 15.636809579560444,
  "F#": 14.820605539665369,
  "JavaScript": 2.846895979370749,
  "Pug": 2.3474665441557865,
  "PowerShell": 1.9010181246943405,
  "HTML": 1.4206692650829171,
  "CSS": 0.43625976258577
}
