{
  "TypeScript": 69.1484268125855,
  "Sass": 8.552446286312062,
  "F#": 8.224430675142834,
  "JavaScript": 5.016395751186932,
  "Vue": 3.487366218717309,
  "PowerShell": 1.9565261124969824,
  "HTML": 1.7274885330329122,
  "Pug": 1.3188018025267563,
  "CSS": 0.36865293312947617,
  "Batchfile": 0.11316085941900701,
  "MDX": 0.08630401545022934
}
