{
  "TypeScript": 72.36586550648069,
  "Sass": 7.208067949551578,
  "F#": 6.928901025024987,
  "JavaScript": 4.309581113971825,
  "Vue": 2.9391792509374093,
  "PowerShell": 2.8944175940439867,
  "HTML": 1.5057041440986247,
  "Pug": 1.111496370321326,
  "CSS": 0.5659636769327413,
  "Batchfile": 0.09537284849450779,
  "MDX": 0.07273769245181128,
  "GLSL": 0.002712827690510444
}
