{
  "TypeScript": 69.4887291426277,
  "Sass": 8.450285684753906,
  "F#": 8.126188282601804,
  "JavaScript": 4.95647394747853,
  "Vue": 3.4457089643095316,
  "PowerShell": 1.933155035038497,
  "HTML": 1.7350789471853418,
  "Pug": 1.3030484635437631,
  "CSS": 0.3642493035533439,
  "Batchfile": 0.11180913137722016,
  "MDX": 0.0852730975303599
}
