{
  "TypeScript": 70.63684364523711,
  "Sass": 8.130030770289936,
  "F#": 7.815156423608786,
  "JavaScript": 4.76862998582922,
  "Vue": 3.315121044468711,
  "PowerShell": 1.859890955753126,
  "HTML": 1.6689392186373484,
  "Pug": 1.2536646095768462,
  "CSS": 0.35905046212806485,
  "Batchfile": 0.10757170969216323,
  "MDX": 0.08204135725855649,
  "GLSL": 0.003059817520132643
}
