{
  "TypeScript": 66.10009626948258,
  "Sass": 12.709521081817062,
  "F#": 11.996797015346134,
  "JavaScript": 3.62285155605673,
  "Pug": 1.9001976373489604,
  "PowerShell": 1.8876016302832002,
  "HTML": 1.429796754428846,
  "CSS": 0.35313805523649006
}
