{
  "TypeScript": 67.85346808334387,
  "Sass": 9.267514812764047,
  "F#": 8.912073874164534,
  "JavaScript": 4.5489028308837955,
  "Vue": 3.708967880608468,
  "PowerShell": 2.1099741457863734,
  "HTML": 1.647933624865388,
  "Pug": 1.4290665887697667,
  "CSS": 0.3994759398856834,
  "Batchfile": 0.1226222189280747
}
