{
  "TypeScript": 73.99976126575358,
  "Sass": 6.547864291132563,
  "F#": 6.294266912588611,
  "JavaScript": 3.9622953912738783,
  "Vue": 2.669973007627944,
  "PowerShell": 2.629311174688009,
  "HTML": 1.3742621379036823,
  "Pug": 1.0096918402944903,
  "CSS": 1.0094608071527862,
  "C#": 0.34793591140649127,
  "Batchfile": 0.08663742813906655,
  "MDX": 0.06607547852739476,
  "GLSL": 0.0024643535115112265
}
