{
  "TypeScript": 71.22911367930828,
  "Sass": 7.941682226230295,
  "F#": 7.634102578232925,
  "JavaScript": 4.658155063855702,
  "Vue": 3.2383195858089304,
  "PowerShell": 1.8144677321581852,
  "HTML": 1.6314891319678277,
  "Pug": 1.2246209428768644,
  "CSS": 0.4398398306770769,
  "Batchfile": 0.10507959429002156,
  "MDX": 0.08014070391185643,
  "GLSL": 0.0029889306820272796
}
