{
  "TypeScript": 65.50886638026456,
  "Sass": 13.596667126535614,
  "F#": 12.834193716051246,
  "JavaScript": 2.465325346586115,
  "Pug": 2.0328346428903727,
  "PowerShell": 1.95406871725439,
  "HTML": 1.230256382285848,
  "CSS": 0.3777876881318519
}
