{
  "TypeScript": 68.38897846254604,
  "Sass": 11.76040449675176,
  "F#": 11.100904956028739,
  "JavaScript": 3.44096972657063,
  "PowerShell": 1.9006574182251095,
  "Pug": 1.758295430263439,
  "HTML": 1.3230229582987605,
  "CSS": 0.32676655131553023
}
