{
  "TypeScript": 73.66812203237572,
  "Sass": 6.630244833633686,
  "F#": 6.373456874361051,
  "JavaScript": 4.012146156251535,
  "Vue": 2.703564697231166,
  "PowerShell": 2.662391286209013,
  "HTML": 1.3915521206256176,
  "CSS": 1.0266839574198308,
  "Pug": 1.0223950604383565,
  "C#": 0.3523133920418347,
  "Batchfile": 0.08772743825742896,
  "MDX": 0.06690679291099914,
  "GLSL": 0.0024953582437668683
}
