{
  "TypeScript": 71.65500700859593,
  "Sass": 7.774375329742324,
  "F#": 7.473275441934719,
  "JavaScript": 4.560022017872148,
  "Vue": 3.1700981203430323,
  "PowerShell": 1.776608205314829,
  "HTML": 1.5971186578607368,
  "Pug": 1.1988219341164552,
  "CSS": 0.610429046766948,
  "Batchfile": 0.10286588939676698,
  "MDX": 0.0784523849799343,
  "GLSL": 0.0029259630761747056
}
