{
  "TypeScript": 60.7379990654499,
  "Sass": 15.589994773168439,
  "F#": 14.776234354135385,
  "JavaScript": 2.8383727007943675,
  "Pug": 2.3404384997700567,
  "PowerShell": 1.8655910105884896,
  "HTML": 1.4164159449760545,
  "CSS": 0.4349536511173045
}
