{
  "TypeScript": 72.32595850171495,
  "Sass": 7.218477264237444,
  "F#": 6.938907189187353,
  "JavaScript": 4.31580466601012,
  "Vue": 2.9434237783135804,
  "PowerShell": 2.8985974802186982,
  "HTML": 1.507878561483343,
  "Pug": 1.1131015043977315,
  "CSS": 0.5667809963663532,
  "Batchfile": 0.09551057832716406,
  "MDX": 0.07284273440418379,
  "GLSL": 0.0027167453390837776
}
