{
  "TypeScript": 63.159216258188344,
  "Sass": 14.576407603526942,
  "F#": 13.758992341783799,
  "JavaScript": 2.6429702803426505,
  "Pug": 2.1793154211674954,
  "PowerShell": 1.9591825503424958,
  "HTML": 1.3189054580913449,
  "CSS": 0.4050100865569327
}
