{
  "TypeScript": 60.75199028039774,
  "Sass": 16.613912246485704,
  "F#": 13.457599300870715,
  "JavaScript": 3.1863669789302045,
  "Pug": 2.565037141243299,
  "HTML": 1.6346410035063037,
  "PowerShell": 1.288486747450203,
  "CSS": 0.501966301115836
}
