{
  "TypeScript": 66.53436267022099,
  "Sass": 12.496682570668618,
  "F#": 11.795894054576873,
  "JavaScript": 3.5621818953874467,
  "PowerShell": 1.9894255097045868,
  "Pug": 1.868376199435005,
  "HTML": 1.4058528299883817,
  "CSS": 0.3472242700181058
}
