{
  "TypeScript": 70.70211726632982,
  "Sass": 8.111957898914653,
  "F#": 7.797783510662656,
  "JavaScript": 4.75802943107054,
  "Vue": 3.307751606649468,
  "PowerShell": 1.8557564609442978,
  "HTML": 1.6652292051473843,
  "Pug": 1.2508777419896504,
  "CSS": 0.3582523012105207,
  "Batchfile": 0.10733258025614802,
  "MDX": 0.08185898120868888,
  "GLSL": 0.003053015616174877
}
