{
  "TypeScript": 68.01684742506446,
  "Sass": 8.848852953451027,
  "F#": 8.509469131266918,
  "JavaScript": 5.206383038510333,
  "Vue": 3.608229719448951,
  "PowerShell": 2.0243344757139186,
  "HTML": 1.6496697226127872,
  "Pug": 1.3645082160858149,
  "CSS": 0.5653274830125959,
  "Batchfile": 0.11708273534410354,
  "MDX": 0.08929509948910298
}
