{
  "TypeScript": 67.08313077297035,
  "Sass": 9.61266690031769,
  "F#": 9.243988196854756,
  "JavaScript": 4.448564742060576,
  "Vue": 3.6899526291392974,
  "PowerShell": 2.1885563758465136,
  "HTML": 1.7093079784287344,
  "Pug": 1.4822896292862715,
  "CSS": 0.4143537099637087,
  "Batchfile": 0.12718906513210704
}
