{
  "TypeScript": 60.532896518716115,
  "Sass": 15.658913578231495,
  "F#": 14.841555762502459,
  "JavaScript": 2.8509203159609244,
  "Pug": 2.3507848935357125,
  "PowerShell": 1.9053749717096988,
  "HTML": 1.4226775054076215,
  "CSS": 0.4368764539359693
}
