{
  "TypeScript": 73.32947589802123,
  "Sass": 6.730063695175013,
  "F#": 6.469409772820278,
  "JavaScript": 4.072549334671562,
  "Vue": 2.7442670780560743,
  "PowerShell": 2.702473798067219,
  "HTML": 1.4125020481081814,
  "Pug": 1.0377872991171961,
  "CSS": 0.9843583900405347,
  "C#": 0.3576174980864535,
  "Batchfile": 0.08904818179443563,
  "MDX": 0.06791407998188957,
  "GLSL": 0.0025329260599306134
}
