{
  "TypeScript": 64.93985314285062,
  "Sass": 13.820976471221314,
  "F#": 13.045924249366896,
  "JavaScript": 2.5059967484659573,
  "Pug": 2.066371082545589,
  "PowerShell": 1.9863057257329404,
  "HTML": 1.2505523857356473,
  "CSS": 0.38402019408103394
}
