{
  "TypeScript": 66.64873026444432,
  "Sass": 12.460947894751543,
  "F#": 11.762163306531644,
  "JavaScript": 3.551995718786617,
  "PowerShell": 1.9650651811797155,
  "Pug": 1.8630335160788085,
  "HTML": 1.4018327474598673,
  "CSS": 0.3462313707674869
}
