{
  "TypeScript": 66.87024743863486,
  "Sass": 12.32786055468609,
  "F#": 11.636539233539484,
  "JavaScript": 3.6004561295314783,
  "PowerShell": 1.992366811922202,
  "Pug": 1.843135657809764,
  "HTML": 1.386860676863644,
  "CSS": 0.34253349701246794
}
