{
  "TypeScript": 65.86892126576733,
  "Sass": 13.454730752989958,
  "F#": 12.700216845360366,
  "JavaScript": 2.4395896765099008,
  "Pug": 2.011613767616701,
  "PowerShell": 1.9336700839124872,
  "HTML": 1.2174136666550255,
  "CSS": 0.3738439411882364
}
