{
  "TypeScript": 72.65378231359595,
  "Sass": 6.986556886719584,
  "F#": 6.7159690381107335,
  "JavaScript": 4.227760521947772,
  "Vue": 2.848855363276307,
  "PowerShell": 2.8054692764055282,
  "HTML": 1.4901641768969087,
  "Pug": 1.0773389866719256,
  "CSS": 0.6572827819684793,
  "C#": 0.3712468569738204,
  "Batchfile": 0.0924419464576246,
  "MDX": 0.07050239116501504,
  "GLSL": 0.002629459810350211
}
