{
  "TypeScript": 65.78201043380834,
  "Sass": 13.48899166377546,
  "F#": 12.732556474022108,
  "JavaScript": 2.4458018085692186,
  "Pug": 2.016736108679668,
  "PowerShell": 1.93859395042827,
  "HTML": 1.220513669307479,
  "CSS": 0.37479589140945535
}
