{
  "TypeScript": 68.0140844484042,
  "Sass": 8.849617392607643,
  "F#": 8.51020425156332,
  "JavaScript": 5.206832810145133,
  "Vue": 3.608541429011549,
  "PowerShell": 2.024509354938092,
  "HTML": 1.649812235109953,
  "Pug": 1.3646260939074248,
  "CSS": 0.5653763208073475,
  "Batchfile": 0.11709284994629342,
  "MDX": 0.08930281355903978
}
