{
  "TypeScript": 70.83768860207235,
  "Sass": 8.050146185542022,
  "F#": 7.7383657516815125,
  "JavaScript": 4.721774071380961,
  "Vue": 3.282547112646186,
  "PowerShell": 1.8416159183178817,
  "HTML": 1.6537712840089682,
  "Pug": 1.2413462703750833,
  "CSS": 0.4419650972550445,
  "Batchfile": 0.10651472459552809,
  "MDX": 0.08123522995818942,
  "GLSL": 0.003029752166272799
}
