{
  "TypeScript": 70.71442372763589,
  "Sass": 8.092817309348833,
  "F#": 7.779384232022333,
  "JavaScript": 4.7468026114029485,
  "Vue": 3.2999467934739672,
  "PowerShell": 1.8513777063704107,
  "HTML": 1.6613000096133437,
  "Pug": 1.2479262304366074,
  "CSS": 0.4142304137640238,
  "Batchfile": 0.10707932341096664,
  "MDX": 0.08166583065476389,
  "GLSL": 0.0030458118659119396
}
