{
  "TypeScript": 67.50503581908059,
  "Sass": 8.9904570567554,
  "F#": 8.645642232149937,
  "JavaScript": 5.289698379550081,
  "Vue": 3.6659705516931456,
  "PowerShell": 2.056728964551006,
  "HTML": 1.6760686246001744,
  "Pug": 1.386343810304264,
  "CSS": 0.5743741573924767,
  "Batchfile": 0.11895635623463481,
  "MDX": 0.09072404768828148
}
