{
  "TypeScript": 66.66637658817972,
  "Sass": 10.570252865561052,
  "F#": 10.164847460155647,
  "JavaScript": 4.389094706482011,
  "Vue": 2.5075213207687908,
  "PowerShell": 1.981526144359631,
  "HTML": 1.6790571620378427,
  "Pug": 1.6299510181754893,
  "CSS": 0.29277207290086776,
  "Batchfile": 0.11860066137895024
}
