{
  "TypeScript": 73.72593546057455,
  "Sass": 6.616824204541387,
  "F#": 6.360556023352856,
  "JavaScript": 4.004024959104485,
  "Vue": 2.6980922689967644,
  "PowerShell": 2.6570021992525965,
  "HTML": 1.388735406410362,
  "Pug": 1.0203255765450412,
  "CSS": 1.0200921102396765,
  "C#": 0.3516002558790707,
  "Batchfile": 0.08754986451172078,
  "MDX": 0.06677136333427239,
  "GLSL": 0.00249030725722228
}
