{
  "TypeScript": 66.51056282958123,
  "Sass": 12.505569867533058,
  "F#": 11.804282969927142,
  "JavaScript": 3.5647152211569386,
  "PowerShell": 1.9908403343986167,
  "Pug": 1.8697049371895997,
  "HTML": 1.4068526338464988,
  "CSS": 0.3474712063669119
}
