{
  "TypeScript": 66.28035952137031,
  "Sass": 13.297238952436686,
  "F#": 12.551556864338572,
  "JavaScript": 2.411033521963342,
  "Pug": 1.9880672039510323,
  "PowerShell": 1.89911249241061,
  "HTML": 1.20316346173457,
  "CSS": 0.369467981794877
}
