{
  "TypeScript": 62.22669837438774,
  "Sass": 14.98012351813729,
  "F#": 14.198196919145312,
  "JavaScript": 2.7273372613047493,
  "Pug": 2.2488819478952227,
  "PowerShell": 1.8398168524171223,
  "HTML": 1.361006601831476,
  "CSS": 0.41793852488109606
}
