{
  "TypeScript": 68.05174571685268,
  "Sass": 8.831151295460565,
  "F#": 8.492446392496769,
  "JavaScript": 5.195967947153311,
  "Vue": 3.6010116484988863,
  "PowerShell": 2.0202849026522016,
  "HTML": 1.6754519440996694,
  "Pug": 1.3617785902356185,
  "CSS": 0.5641965755594448,
  "Batchfile": 0.11684851758180695,
  "MDX": 0.0891164694090581
}
