{
  "TypeScript": 73.35277419395617,
  "Sass": 6.717525769937876,
  "F#": 6.457357438736403,
  "JavaScript": 4.064962286257851,
  "Vue": 2.7391545832842836,
  "PowerShell": 2.6974391630369774,
  "HTML": 1.4098705952901078,
  "Pug": 1.0358539296636933,
  "CSS": 1.0089127207539745,
  "C#": 0.35695126643433495,
  "Batchfile": 0.08888228745874874,
  "MDX": 0.06778755790187238,
  "GLSL": 0.0025282072877155196
}
