{
  "TypeScript": 67.86437621039872,
  "Sass": 8.978333731079765,
  "F#": 8.633983877541969,
  "JavaScript": 5.236525371646522,
  "Vue": 3.6610271150430513,
  "PowerShell": 2.048358926380303,
  "HTML": 1.5965119397847103,
  "Pug": 1.3844743728101947,
  "CSS": 0.38701079828764884,
  "Batchfile": 0.11879594763263435,
  "MDX": 0.09060170939448914
}
