{
  "TypeScript": 73.27591404400611,
  "Sass": 6.745060893957568,
  "F#": 6.483826133313025,
  "JavaScript": 4.081624558130089,
  "Vue": 2.750382372167114,
  "PowerShell": 2.7084959604998446,
  "HTML": 1.4156496518985333,
  "Pug": 1.0400998927454004,
  "CSS": 0.9806814792249744,
  "C#": 0.35841440892561355,
  "Batchfile": 0.08924661576833007,
  "MDX": 0.06806541895931306,
  "GLSL": 0.002538570404076944
}
