{
  "TypeScript": 72.98606636282763,
  "Sass": 7.393793300758032,
  "F#": 7.107433273243817,
  "JavaScript": 4.420623139594643,
  "Vue": 3.0149110701238575,
  "PowerShell": 1.6623316993506678,
  "HTML": 1.5189342850260577,
  "Pug": 1.1401355362098038,
  "CSS": 0.5805464754585196,
  "Batchfile": 0.09783025537609864,
  "MDX": 0.0746118747668379,
  "GLSL": 0.00278272726403125
}
