{
  "TypeScript": 58.962573223316895,
  "Sass": 16.485006140361204,
  "F#": 15.288518505440008,
  "JavaScript": 3.1223638625029917,
  "Pug": 2.485963487411279,
  "PowerShell": 1.6890897748272655,
  "HTML": 1.5044865834088617,
  "CSS": 0.4619984227314995
}
