{
  "TypeScript": 65.9004256776903,
  "Sass": 13.44231147426585,
  "F#": 12.688494014502224,
  "JavaScript": 2.437337833294212,
  "Pug": 2.00975696404895,
  "PowerShell": 1.9318852256218637,
  "HTML": 1.2162899429680711,
  "CSS": 0.3734988676085288
}
