{
  "TypeScript": 67.24840735705538,
  "Sass": 9.553048773636844,
  "F#": 9.186656629551813,
  "JavaScript": 4.420974573890768,
  "Vue": 3.705942496320349,
  "PowerShell": 2.1749828657460983,
  "HTML": 1.698706785164545,
  "Pug": 1.4730964124804782,
  "CSS": 0.4117838724537375,
  "Batchfile": 0.12640023369998762
}
