{
  "TypeScript": 73.41391179312403,
  "Sass": 6.695403814943054,
  "F#": 6.436092262310211,
  "JavaScript": 4.051575674009234,
  "Vue": 2.73013408131815,
  "PowerShell": 2.688556037045408,
  "HTML": 1.4052276516043376,
  "Pug": 1.0324426864771348,
  "CSS": 1.0322064475892214,
  "C#": 0.3557757651974445,
  "Batchfile": 0.08858958296749117,
  "MDX": 0.06756432194320659,
  "GLSL": 0.002519881471075304
}
