{
  "TypeScript": 66.87330626993024,
  "Sass": 9.253616011667011,
  "F#": 8.8987081396994,
  "JavaScript": 5.39708107049182,
  "Vue": 3.7732768847338463,
  "PowerShell": 2.1169313148242876,
  "HTML": 1.645462163838795,
  "Pug": 1.4269233699378558,
  "CSS": 0.39887683249349715,
  "Batchfile": 0.12243831829609395,
  "MDX": 0.09337962408715432
}
