{
  "TypeScript": 74.30742073667152,
  "Sass": 6.469272382807448,
  "F#": 6.218718852003743,
  "JavaScript": 3.9147372345524962,
  "Vue": 2.6379261806754974,
  "PowerShell": 2.597752398633483,
  "HTML": 1.3577673116283318,
  "CSS": 1.0017576029643382,
  "Pug": 0.9975728340016282,
  "C#": 0.34375974860951536,
  "Batchfile": 0.08559754696452077,
  "MDX": 0.0652823958182745,
  "GLSL": 0.002434774669213035
}
