{
  "TypeScript": 73.38869947379831,
  "Sass": 6.702666482726001,
  "F#": 6.443073648528803,
  "JavaScript": 4.055970516938964,
  "Vue": 2.7330955243294377,
  "PowerShell": 2.6914723793382076,
  "HTML": 1.406751936303975,
  "Pug": 1.0335626022348792,
  "CSS": 1.0296998482489506,
  "C#": 0.356161683845411,
  "Batchfile": 0.08868567824835931,
  "MDX": 0.0676376106107487,
  "GLSL": 0.0025226148479533315
}
