{
  "TypeScript": 66.55814694065579,
  "Sass": 13.102288344022991,
  "F#": 12.367538689137362,
  "JavaScript": 2.5073930995676217,
  "Pug": 1.9589201823502407,
  "PowerShell": 1.934650101176867,
  "HTML": 1.207011425488532,
  "CSS": 0.36405121760060105
}
