{
  "TypeScript": 69.49251915922028,
  "Sass": 8.449236016154165,
  "F#": 8.125178872388464,
  "JavaScript": 4.955858269469266,
  "Vue": 3.445280948898146,
  "PowerShell": 1.932914904442395,
  "HTML": 1.7348634209940534,
  "Pug": 1.3028866028555983,
  "CSS": 0.36420405762075875,
  "Batchfile": 0.11179524278945527,
  "MDX": 0.08526250516742456
}
