{
  "TypeScript": 66.05664824883324,
  "Sass": 13.372703950420158,
  "F#": 12.622789938877196,
  "JavaScript": 2.424716711422738,
  "Pug": 1.9993499588202068,
  "PowerShell": 1.9422346901102232,
  "HTML": 1.2099917009305687,
  "CSS": 0.37156480058566815
}
