{
  "TypeScript": 72.40135873568492,
  "Sass": 7.198809920937975,
  "F#": 6.920001557872419,
  "JavaScript": 4.304045896276177,
  "Vue": 2.935404174759419,
  "PowerShell": 2.8907000096520354,
  "HTML": 1.5037702205913481,
  "Pug": 1.1100687665206443,
  "CSS": 0.5652367542744124,
  "Batchfile": 0.09525035179129929,
  "MDX": 0.07264426829949759,
  "GLSL": 0.002709343339841402
}
