{
  "TypeScript": 71.30608697434255,
  "Sass": 7.92043514185986,
  "F#": 7.613678388879626,
  "JavaScript": 4.6456926899111215,
  "Vue": 3.229655823208249,
  "PowerShell": 1.8096133262660352,
  "HTML": 1.6271242648969855,
  "Pug": 1.2213446062325743,
  "CSS": 0.43866308830365286,
  "Batchfile": 0.10479846556415576,
  "MDX": 0.07992629640359612,
  "GLSL": 0.0029809341316026526
}
