{
  "TypeScript": 72.4872335201424,
  "Sass": 7.0291076567464135,
  "F#": 6.756871825947639,
  "JavaScript": 4.2535091802088765,
  "Vue": 2.866205968355168,
  "PowerShell": 2.822555643829886,
  "HTML": 1.4992398395189204,
  "Pug": 1.0839003879753277,
  "CSS": 0.6612858823441877,
  "C#": 0.37350789054019756,
  "Batchfile": 0.09300495282375437,
  "MDX": 0.07093177735358333,
  "GLSL": 0.002645474213653458
}
