{
  "TypeScript": 68.75550965664688,
  "Sass": 8.685210779161215,
  "F#": 8.35210319491135,
  "JavaScript": 5.065564275667212,
  "Vue": 3.5415025899855257,
  "PowerShell": 1.9868983812462782,
  "HTML": 1.6969997844658073,
  "Pug": 1.3392743137381087,
  "CSS": 0.3743757424948645,
  "Batchfile": 0.11491751986540859,
  "MDX": 0.08764376181735163
}
