{
  "TypeScript": 66.64541022959898,
  "Sass": 12.482437666602848,
  "F#": 11.78244797572937,
  "JavaScript": 3.55812138260114,
  "PowerShell": 1.9142575219805305,
  "Pug": 1.8662464470331805,
  "HTML": 1.4042503055919646,
  "CSS": 0.34682847086199026
}
