{
  "TypeScript": 70.67973846224355,
  "Sass": 8.118154111734063,
  "F#": 7.803739745489543,
  "JavaScript": 4.761663789547656,
  "Vue": 3.3102781894009987,
  "PowerShell": 1.8571739562168688,
  "HTML": 1.6665011686704656,
  "Pug": 1.2518332085733055,
  "CSS": 0.35852594753968137,
  "Batchfile": 0.10741456484211491,
  "MDX": 0.0819215081195863,
  "GLSL": 0.003055347622175713
}
