{
  "TypeScript": 70.5418964023559,
  "Sass": 8.157275925554604,
  "F#": 7.841346379858029,
  "JavaScript": 4.784610499068905,
  "Vue": 3.3262305949894517,
  "PowerShell": 1.8661237756890632,
  "HTML": 1.674532125899795,
  "Pug": 1.2578658589820217,
  "CSS": 0.35679987259203255,
  "Batchfile": 0.10793220130842611,
  "MDX": 0.08231629219789298,
  "GLSL": 0.00307007150388412
}
