{
  "TypeScript": 73.36030676158661,
  "Sass": 6.709817838606094,
  "F#": 6.449948033930647,
  "JavaScript": 4.060298001930281,
  "Vue": 2.73601157852953,
  "PowerShell": 2.694344024059856,
  "HTML": 1.4082528589229726,
  "Pug": 1.0346653535073742,
  "CSS": 1.030798478187272,
  "C#": 0.3565416876780045,
  "Batchfile": 0.08878030071663459,
  "MDX": 0.06770977601321998,
  "GLSL": 0.002525306331495384
}
