{
  "TypeScript": 71.66412707756518,
  "Sass": 7.771873905973352,
  "F#": 7.470870897771407,
  "JavaScript": 4.558554819932926,
  "Vue": 3.1690781337265053,
  "PowerShell": 1.7760365773956157,
  "HTML": 1.5966047811306856,
  "Pug": 1.1984362103053996,
  "CSS": 0.6102326397680458,
  "Batchfile": 0.10283279205198495,
  "MDX": 0.07842714273831386,
  "GLSL": 0.002925021640589794
}
