{
  "TypeScript": 68.03927501721242,
  "Sass": 9.321567492424341,
  "F#": 8.964053448404398,
  "JavaScript": 4.316590142654792,
  "Vue": 3.6161432775080797,
  "PowerShell": 2.122280547113795,
  "HTML": 1.6575451798643177,
  "Pug": 1.4374016041537847,
  "CSS": 0.4018058789736574,
  "Batchfile": 0.12333741169041323
}
