{
  "TypeScript": 70.71403578165885,
  "Sass": 8.084437564656485,
  "F#": 7.771329033043267,
  "JavaScript": 4.741887512931297,
  "Vue": 3.296529848475628,
  "PowerShell": 1.849460688857786,
  "HTML": 1.6871538976449825,
  "Pug": 1.2466340595143919,
  "CSS": 0.4169392381184202,
  "Batchfile": 0.10696844763585468,
  "MDX": 0.08158126939694517,
  "GLSL": 0.003042658066086533
}
