{
  "TypeScript": 66.06826566228669,
  "Sass": 13.36812702378305,
  "F#": 12.618469676967555,
  "JavaScript": 2.423886830603937,
  "Pug": 1.9986656635484834,
  "PowerShell": 1.9415699430462303,
  "HTML": 1.2095775705297758,
  "CSS": 0.37143762923427065
}
