{
  "TypeScript": 67.0545157959584,
  "Sass": 12.256871234667523,
  "F#": 11.569530850057701,
  "JavaScript": 3.586230632850619,
  "PowerShell": 1.9808938751073744,
  "Pug": 1.8325220605461126,
  "HTML": 1.378874514465529,
  "CSS": 0.3405610363467562
}
