{
  "TypeScript": 59.72130692129719,
  "Sass": 17.053526347486308,
  "F#": 14.010694319681887,
  "JavaScript": 3.2273566942912932,
  "Pug": 2.5695566744194065,
  "HTML": 1.555076557459156,
  "PowerShell": 1.3849488704454345,
  "CSS": 0.4775336149193263
}
