{
  "TypeScript": 73.35044335535373,
  "Sass": 6.7123021637257,
  "F#": 6.452336141671614,
  "JavaScript": 4.061801336381665,
  "Vue": 2.7370245929593655,
  "PowerShell": 2.6953416109840975,
  "HTML": 1.408774267705794,
  "Pug": 1.035048440677538,
  "CSS": 1.0311801336381665,
  "C#": 0.3566736980383736,
  "Batchfile": 0.08881317182230418,
  "MDX": 0.06773484570981066,
  "GLSL": 0.00252624133183443
}
