{
  "TypeScript": 59.74279815905604,
  "Sass": 15.915263546658082,
  "F#": 15.152559707570218,
  "JavaScript": 3.0144510312695316,
  "Pug": 2.4000454554063526,
  "PowerShell": 1.876361294721491,
  "HTML": 1.4524896304854258,
  "CSS": 0.44603117483285665
}
