{
  "TypeScript": 60.34445007944097,
  "Sass": 15.796496362932036,
  "F#": 14.971957055088433,
  "JavaScript": 2.7328069705946754,
  "Pug": 2.37143942555473,
  "PowerShell": 1.906957682007789,
  "HTML": 1.435177474319699,
  "CSS": 0.4407149500616626
}
