{
  "TypeScript": 68.37410235729685,
  "Sass": 11.765938927673563,
  "F#": 11.106129027332205,
  "JavaScript": 3.4425890424080214,
  "PowerShell": 1.9015518651117014,
  "Pug": 1.759122881785332,
  "HTML": 1.3236455711665989,
  "CSS": 0.3269203272257305
}
