{
  "TypeScript": 70.6766802681684,
  "Sass": 8.100404043675969,
  "F#": 7.786677133757415,
  "JavaScript": 4.751252573503843,
  "Vue": 3.303040378644467,
  "PowerShell": 1.853113308480344,
  "HTML": 1.6640959415570495,
  "Pug": 1.2490961178081226,
  "CSS": 0.4236694711229289,
  "Batchfile": 0.10717970654672702,
  "MDX": 0.0817423895263038,
  "GLSL": 0.0030486672084402353
}
