{
  "TypeScript": 68.30863728877536,
  "Sass": 9.11759091854702,
  "F#": 8.767900074849496,
  "JavaScript": 4.54887629244063,
  "Vue": 3.640280610548846,
  "PowerShell": 2.0758403410906583,
  "HTML": 1.6212744145546885,
  "Pug": 1.4059480686041748,
  "CSS": 0.39301347505409967,
  "Batchfile": 0.12063851553502378
}
