{
  "TypeScript": 65.96583060482524,
  "Sass": 12.979990260068424,
  "F#": 12.252098832739646,
  "JavaScript": 3.2784977227549916,
  "Pug": 1.940635423334793,
  "PowerShell": 1.916591881552631,
  "HTML": 1.3057021479918283,
  "CSS": 0.3606531267324367
}
