{
  "TypeScript": 71.66384216424527,
  "Sass": 7.771952051100642,
  "F#": 7.4709460163546915,
  "JavaScript": 4.5586006555770675,
  "Vue": 3.1691099983729405,
  "PowerShell": 1.7760544352000645,
  "HTML": 1.5966208347730069,
  "Pug": 1.198448260417295,
  "CSS": 0.6102387755736299,
  "Batchfile": 0.10283382602161979,
  "MDX": 0.07842793131248868,
  "GLSL": 0.0029250510512816297
}
