{
  "TypeScript": 68.66036030410575,
  "Sass": 8.703578780567451,
  "F#": 8.369766720544746,
  "JavaScript": 5.076277232911965,
  "Vue": 3.548992370741235,
  "PowerShell": 1.991100392364804,
  "HTML": 1.7296603429020663,
  "Pug": 1.3421066908793866,
  "CSS": 0.37516749462839993,
  "Batchfile": 0.11516055428566165,
  "MDX": 0.08782911606853128
}
