{
  "TypeScript": 69.35416517604511,
  "Sass": 11.06095395442926,
  "F#": 10.636728481387287,
  "JavaScript": 3.260981273456963,
  "PowerShell": 1.9155842043983635,
  "Pug": 1.7056179629111676,
  "HTML": 1.6872751871678624,
  "CSS": 0.30636338209562963,
  "Batchfile": 0.07233037810835247
}
