{
  "TypeScript": 70.89454230741613,
  "Sass": 8.033382590259222,
  "F#": 7.722251406845832,
  "JavaScript": 4.711941466143107,
  "Vue": 3.27571154841855,
  "PowerShell": 1.8377809439944974,
  "HTML": 1.6503274766722476,
  "Pug": 1.2387612953941625,
  "CSS": 0.4449185371070941,
  "Batchfile": 0.10629291871851368,
  "MDX": 0.08106606600931976,
  "GLSL": 0.0030234430213266113
}
