{
  "TypeScript": 70.23094258241439,
  "Sass": 8.244832494870312,
  "F#": 7.928614926322568,
  "JavaScript": 4.835966378731872,
  "Vue": 3.3619328738271537,
  "PowerShell": 1.8861539177620987,
  "HTML": 1.6925058084735836,
  "Pug": 1.271367231287794,
  "CSS": 0.355393250146424,
  "Batchfile": 0.10909069752107146,
  "MDX": 0.08319983864273718
}
