{
  "TypeScript": 66.32750233380713,
  "Sass": 13.253366233368203,
  "F#": 12.510144438033317,
  "JavaScript": 2.403078592616569,
  "Pug": 1.9815078035942975,
  "PowerShell": 1.9569578726312054,
  "HTML": 1.1991937615028936,
  "CSS": 0.3682489644463834
}
