{
  "TypeScript": 67.53764491509759,
  "Sass": 8.981435022579026,
  "F#": 8.636966223888875,
  "JavaScript": 5.284390102199805,
  "Vue": 3.6622917051786517,
  "PowerShell": 2.0546650117516574,
  "HTML": 1.674386669131434,
  "Pug": 1.3849525972482635,
  "CSS": 0.5737977658647371,
  "Batchfile": 0.11883698206881983,
  "MDX": 0.09063300499115325
}
