{
  "TypeScript": 65.69011216626586,
  "Sass": 13.525218659589985,
  "F#": 12.766751933667273,
  "JavaScript": 2.4523704279360863,
  "Pug": 2.0221523986729624,
  "PowerShell": 1.9438003762811993,
  "HTML": 1.223791567662796,
  "CSS": 0.37580246992383415
}
