{
  "TypeScript": 73.31490150640983,
  "Sass": 6.733741410074358,
  "F#": 6.472945050610966,
  "JavaScript": 4.074774822578487,
  "Vue": 2.7457667119938605,
  "PowerShell": 2.703950593622567,
  "HTML": 1.4132739248782937,
  "Pug": 1.0383544090265793,
  "CSS": 0.9848963031541866,
  "C#": 0.35781292197254866,
  "Batchfile": 0.08909684312065455,
  "MDX": 0.06795119235335254,
  "GLSL": 0.0025343102043208403
}
