{
  "TypeScript": 69.29641505912693,
  "Sass": 11.096494147341605,
  "F#": 10.670905586159824,
  "JavaScript": 3.271459203662593,
  "PowerShell": 1.921739209874803,
  "Pug": 1.7110983212678128,
  "HTML": 1.657328775972844,
  "CSS": 0.3073477649748836,
  "Batchfile": 0.06721193161871128
}
