{
  "TypeScript": 72.66926253241253,
  "Sass": 7.305168304547978,
  "F#": 7.022240704114265,
  "JavaScript": 4.367635763148444,
  "Vue": 2.978773126947114,
  "PowerShell": 2.2700364807346323,
  "HTML": 1.5137013253693181,
  "Pug": 1.126469410654849,
  "CSS": 0.5735878106575983,
  "Batchfile": 0.09665762237714172,
  "MDX": 0.07371754666630008,
  "GLSL": 0.002749372369838698
}
