{
  "TypeScript": 69.53793451097167,
  "Sass": 11.332952702368425,
  "F#": 10.697423788009056,
  "JavaScript": 3.3159018613923874,
  "PowerShell": 1.8315748093613824,
  "Pug": 1.6943872086602012,
  "HTML": 1.274935450960781,
  "CSS": 0.31488966827610276
}
