{
  "TypeScript": 59.656692297320646,
  "Sass": 15.957788230915165,
  "F#": 15.193046490296878,
  "JavaScript": 3.022505473970865,
  "Pug": 2.406458241150968,
  "PowerShell": 1.8599157207885557,
  "HTML": 1.456370600646052,
  "CSS": 0.4472229449108687
}
