{
  "TypeScript": 69.2326348661661,
  "Sass": 8.521212582831899,
  "F#": 8.194394891181034,
  "JavaScript": 4.998075774400584,
  "Vue": 3.474630288112696,
  "PowerShell": 1.9493808403253547,
  "HTML": 1.7496422143026085,
  "Pug": 1.3139855121847577,
  "CSS": 0.36730660530525033,
  "Batchfile": 0.1127475937157999,
  "MDX": 0.08598883147391671
}
