{
  "TypeScript": 72.3679665756664,
  "Sass": 7.059578608957881,
  "F#": 6.786162644720324,
  "JavaScript": 4.271948003640011,
  "Vue": 2.878630877654451,
  "PowerShell": 2.834791330397412,
  "HTML": 1.505738995277285,
  "Pug": 1.0885990607709117,
  "CSS": 0.6641525350550319,
  "C#": 0.37512703505171074,
  "Batchfile": 0.0934081262578961,
  "MDX": 0.07123926429268876,
  "GLSL": 0.002656942258002378
}
