{
  "TypeScript": 65.94665594182072,
  "Sass": 12.766934938445107,
  "F#": 12.050991219785532,
  "JavaScript": 3.639217387505856,
  "Pug": 1.9087815701355217,
  "PowerShell": 1.8964299217176623,
  "HTML": 1.436255703223027,
  "CSS": 0.3547333173665683
}
