{
  "TypeScript": 72.93374583593587,
  "Sass": 6.9150303195919225,
  "F#": 6.647212679575265,
  "JavaScript": 4.184477800333125,
  "Vue": 2.819689516968561,
  "PowerShell": 2.776747605663127,
  "HTML": 1.474908260462211,
  "Pug": 1.0663094680408078,
  "CSS": 0.6505536904018322,
  "C#": 0.3674461274203623,
  "Batchfile": 0.09149554965646471,
  "MDX": 0.06978060587133042,
  "GLSL": 0.0026025400791172184
}
