{
  "TypeScript": 72.59123166958159,
  "Sass": 7.149283600161442,
  "F#": 6.872393380869098,
  "JavaScript": 4.274434952240011,
  "Vue": 2.915209202206377,
  "PowerShell": 2.870812592492937,
  "HTML": 1.4934245930310777,
  "Pug": 1.102431723395668,
  "CSS": 0.5613480425131172,
  "Batchfile": 0.09459504910534104,
  "MDX": 0.0721444907843401,
  "GLSL": 0.0026907036189963676
}
