{
  "TypeScript": 73.4212744722233,
  "Sass": 6.692399905231997,
  "F#": 6.433204693377495,
  "JavaScript": 4.049757924423305,
  "Vue": 2.728909199816446,
  "PowerShell": 2.6873498096375283,
  "HTML": 1.4045971926946779,
  "CSS": 1.036308581620517,
  "Pug": 1.0319794784768799,
  "C#": 0.35561614550824067,
  "Batchfile": 0.08854983702894438,
  "MDX": 0.06753400904074158,
  "GLSL": 0.002518750919934418
}
