{
  "TypeScript": 72.92947798795961,
  "Sass": 7.424817446858305,
  "F#": 7.137255860824733,
  "JavaScript": 4.354990542690626,
  "Vue": 3.0275615511035276,
  "PowerShell": 1.6967268802405981,
  "HTML": 1.5253076900238047,
  "Pug": 1.144919512446448,
  "CSS": 0.5829824319344433,
  "Batchfile": 0.09824074834125954,
  "MDX": 0.07492494406826727,
  "GLSL": 0.002794403508373605
}
