{
  "TypeScript": 37.90959031803637,
  "CSS": 36.472063806276935,
  "Sass": 11.01069373091808,
  "F#": 8.977209051441978,
  "JavaScript": 2.0837588307070325,
  "Pug": 1.6590469906207286,
  "HTML": 1.0040428796614873,
  "PowerShell": 0.8835943923373814
}
