{
  "TypeScript": 70.92366270991906,
  "Sass": 8.025345082759454,
  "F#": 7.714525190286335,
  "JavaScript": 4.707227105231364,
  "Vue": 3.272434154887036,
  "PowerShell": 1.8359422194031656,
  "HTML": 1.648676301800169,
  "Pug": 1.2375218980306875,
  "CSS": 0.4444733901171922,
  "Batchfile": 0.10618657122145704,
  "MDX": 0.08098495831823124,
  "GLSL": 0.0030204180258547784
}
