{
  "TypeScript": 73.52249774175742,
  "Sass": 6.666912355096101,
  "F#": 6.408704270587645,
  "JavaScript": 4.0343346966427465,
  "Vue": 2.718516334621368,
  "PowerShell": 2.6771152205550255,
  "HTML": 1.399247879761128,
  "CSS": 1.032361870828524,
  "Pug": 1.0280492547799467,
  "C#": 0.354261805590405,
  "Batchfile": 0.08821260099362674,
  "MDX": 0.06727681035780599,
  "GLSL": 0.0025091584282631607
}
