{
  "TypeScript": 37.910253971336935,
  "CSS": 37.059780577066086,
  "Sass": 11.095664621078384,
  "F#": 8.399239589250485,
  "JavaScript": 2.0778263640100625,
  "Pug": 1.6257837246025337,
  "HTML": 1.0202221899989226,
  "PowerShell": 0.8112289626565952
}
