{
  "TypeScript": 65.9620565174681,
  "Sass": 12.769916411038324,
  "F#": 12.053805497465813,
  "JavaScript": 3.6280140540345083,
  "Pug": 1.9092273294321134,
  "PowerShell": 1.8855729188638652,
  "HTML": 1.436591113173548,
  "CSS": 0.3548161585237237
}
