{
  "TypeScript": 37.8970691068515,
  "CSS": 36.47941879741979,
  "Sass": 11.012914157908384,
  "F#": 8.97901940397403,
  "JavaScript": 2.0841790434985294,
  "Pug": 1.6593815556178289,
  "HTML": 1.0042453559053923,
  "PowerShell": 0.8837725788245524
}
