{
  "TypeScript": 68.44471567634325,
  "Sass": 8.779755911943257,
  "F#": 8.443022197990336,
  "JavaScript": 5.1207068000384135,
  "Vue": 3.5800545423942682,
  "PowerShell": 2.008527283072135,
  "HTML": 1.6861468307688494,
  "Pug": 1.3538533344485508,
  "CSS": 0.3784511075245167,
  "Batchfile": 0.11616848457437416,
  "MDX": 0.08859783090205603
}
