{
  "TypeScript": 67.86621719386021,
  "Sass": 9.263839375212461,
  "F#": 8.908539402233128,
  "JavaScript": 4.547098764894053,
  "Vue": 3.707496927488734,
  "PowerShell": 2.109137343432671,
  "HTML": 1.6472800648495995,
  "Pug": 1.4284998300312917,
  "CSS": 0.39931751026349505,
  "Batchfile": 0.1225735877343607
}
