{
  "TypeScript": 65.9546037279357,
  "Sass": 12.768473589143703,
  "F#": 12.052443586085547,
  "JavaScript": 3.6276041392047897,
  "Pug": 1.909011613455278,
  "PowerShell": 1.896658476436391,
  "HTML": 1.4364287984766473,
  "CSS": 0.35477606926193017
}
