{
  "TypeScript": 72.9295691433322,
  "Sass": 7.409256756344599,
  "F#": 7.122297832514633,
  "JavaScript": 4.429868476433727,
  "Vue": 3.0212164862389557,
  "PowerShell": 1.6658083170159759,
  "HTML": 1.5221109998597013,
  "Pug": 1.142520027432332,
  "CSS": 0.5817606363464456,
  "Batchfile": 0.09803485858144866,
  "MDX": 0.07476791881145152,
  "GLSL": 0.002788547088538984
}
