{
  "TypeScript": 67.08786361524709,
  "Sass": 9.974636678038319,
  "F#": 9.592075193685682,
  "JavaScript": 4.438581343294088,
  "Vue": 3.0474700027686143,
  "PowerShell": 2.24574501532123,
  "HTML": 1.6873296011787726,
  "Pug": 1.538105986307091,
  "CSS": 0.2762748530053542,
  "Batchfile": 0.11191771115376131
}
