{
  "TypeScript": 69.53695693160591,
  "Sass": 11.333316396048977,
  "F#": 10.69776708648846,
  "JavaScript": 3.316008274309126,
  "PowerShell": 1.8316335877046013,
  "Pug": 1.694441584420551,
  "HTML": 1.2749763658025532,
  "CSS": 0.3148997736198231
}
