{
  "TypeScript": 60.71950841223652,
  "Sass": 15.585533021167224,
  "F#": 14.772005494911298,
  "JavaScript": 2.837560377553583,
  "Pug": 2.339768681959852,
  "PowerShell": 1.8947842656464646,
  "HTML": 1.416010576227123,
  "CSS": 0.43482917029793644
}
