{
  "TypeScript": 64.62012120972771,
  "Sass": 13.947017230342912,
  "F#": 13.164896899328129,
  "JavaScript": 2.5288502518483416,
  "Pug": 2.085215408083172,
  "PowerShell": 2.0044198931392923,
  "HTML": 1.2619568311702845,
  "CSS": 0.3875222763601538
}
