{
  "TypeScript": 67.73851972678395,
  "Sass": 10.115918130366552,
  "F#": 9.727938018362726,
  "JavaScript": 4.200440924346852,
  "Vue": 2.3997420604468496,
  "PowerShell": 2.2569710900682565,
  "HTML": 1.6068872716110634,
  "Pug": 1.5598918271947764,
  "CSS": 0.2801880293679886,
  "Batchfile": 0.11350292145098137
}
