{
  "TypeScript": 67.42829007197787,
  "Sass": 9.022435914441521,
  "F#": 8.6763945911014,
  "JavaScript": 5.308513720151151,
  "Vue": 3.679010328182153,
  "PowerShell": 2.0640447041670336,
  "HTML": 1.6431922391664446,
  "Pug": 1.3912750046955928,
  "CSS": 0.5764171936165404,
  "Batchfile": 0.11937948137308686,
  "MDX": 0.09104675112720759
}
