{
  "TypeScript": 60.692869858521505,
  "Sass": 16.598596287999452,
  "F#": 13.44450312172602,
  "JavaScript": 3.1832661857022395,
  "Pug": 2.562540991286424,
  "HTML": 1.6330502627701167,
  "PowerShell": 1.383695476265513,
  "CSS": 0.5014778157287293
}
