{
  "TypeScript": 66.41557199794896,
  "Sass": 10.530741963690769,
  "F#": 10.126851936715225,
  "JavaScript": 4.372688562518114,
  "Vue": 2.4981483729214093,
  "PowerShell": 2.349522788017805,
  "HTML": 1.6727809580900623,
  "Pug": 1.6238583697259592,
  "CSS": 0.2916777103733227,
  "Batchfile": 0.11815733999836513
}
