{
  "TypeScript": 59.71747152092822,
  "Sass": 16.89761610311787,
  "F#": 14.068510642576337,
  "JavaScript": 3.2005147849867783,
  "Pug": 2.548185684553434,
  "PowerShell": 1.5519962999829076,
  "HTML": 1.5421429935953508,
  "CSS": 0.47356197025910174
}
