{
  "TypeScript": 68.20268106222758,
  "Sass": 8.847213999044781,
  "F#": 8.50789303637633,
  "JavaScript": 5.16005106983394,
  "Vue": 3.607561415429375,
  "PowerShell": 2.02395953537689,
  "HTML": 1.6986858986698743,
  "Pug": 1.3642554865213308,
  "CSS": 0.38135888628637604,
  "Batchfile": 0.1170610496786284,
  "MDX": 0.08927856055490059
}
