{
  "TypeScript": 71.7441158830596,
  "Sass": 7.749934828539813,
  "F#": 7.449781516097806,
  "JavaScript": 4.54568656082457,
  "Vue": 3.1601322023578398,
  "PowerShell": 1.771023036971815,
  "HTML": 1.5920977553673028,
  "Pug": 1.1950531671506675,
  "CSS": 0.6085100254670014,
  "Batchfile": 0.10254250728735417,
  "MDX": 0.07820575222448879,
  "GLSL": 0.002916764651729186
}
