{
  "TypeScript": 67.01809600523858,
  "Sass": 9.632585271462737,
  "F#": 9.263142630236745,
  "JavaScript": 4.415071809634511,
  "Vue": 3.7497125235504107,
  "PowerShell": 2.1930912753304987,
  "HTML": 1.7128498291002072,
  "Pug": 1.485361076085245,
  "CSS": 0.41521229073697064,
  "Batchfile": 0.11487728862408957
}
