{
  "TypeScript": 73.78987501727032,
  "Sass": 6.599587996317736,
  "F#": 6.34398736977408,
  "JavaScript": 3.993594848556823,
  "Vue": 2.6910639909713137,
  "PowerShell": 2.6500809570159385,
  "HTML": 1.3851178805561895,
  "CSS": 1.0219367898796743,
  "Pug": 1.0176677238426561,
  "C#": 0.35068437009542525,
  "Batchfile": 0.08732180530264573,
  "MDX": 0.06659743017748447,
  "GLSL": 0.002483820239719701
}
