{
  "TypeScript": 72.82494687844722,
  "Sass": 7.437892178775347,
  "F#": 7.149824211181026,
  "JavaScript": 4.446989108004056,
  "Vue": 3.0328929354677014,
  "PowerShell": 1.6722463615344845,
  "HTML": 1.527993680525363,
  "Pug": 1.1469356584054524,
  "CSS": 0.5840090348192205,
  "Batchfile": 0.09841374538220836,
  "MDX": 0.07505688314483092,
  "GLSL": 0.002799324313093927
}
