{
  "TypeScript": 66.17514493152625,
  "Sass": 13.334015055573472,
  "F#": 12.586270638485317,
  "JavaScript": 2.417701704567801,
  "Pug": 1.9935655908565317,
  "PowerShell": 1.9163212170315191,
  "HTML": 1.2064910445295725,
  "CSS": 0.37048981742954007
}
