{
  "TypeScript": 66.91883793817351,
  "Sass": 10.372937764813384,
  "F#": 9.975100069417248,
  "JavaScript": 4.30716339649205,
  "Vue": 2.4607133750812813,
  "PowerShell": 2.3143149591121426,
  "HTML": 1.647714171732662,
  "Pug": 1.5995246931428202,
  "CSS": 0.2873068913394357,
  "Batchfile": 0.11638674069546567
}
