{
  "TypeScript": 66.41613182668085,
  "Sass": 12.508098232482363,
  "F#": 11.806669549317682,
  "JavaScript": 3.6530960704940987,
  "PowerShell": 1.9912428407197578,
  "Pug": 1.8700829524642977,
  "HTML": 1.4071370700557984,
  "CSS": 0.34754145778515
}
