{
  "TypeScript": 67.25800920581715,
  "Sass": 10.266587134073598,
  "F#": 9.872828349666495,
  "JavaScript": 4.26300333747096,
  "Vue": 2.4354844162806764,
  "PowerShell": 2.2905869795163323,
  "HTML": 1.6308206507826877,
  "Pug": 1.5831252445144246,
  "CSS": 0.28436121965002437,
  "Batchfile": 0.1151934622276532
}
