{
  "TypeScript": 67.11473645254348,
  "Sass": 9.926298474251166,
  "F#": 9.545590925594498,
  "JavaScript": 4.549694535019608,
  "Vue": 3.0327016226477213,
  "PowerShell": 2.2348618840645695,
  "HTML": 1.6791526134096384,
  "Pug": 1.5306521528480685,
  "CSS": 0.27493599420007636,
  "Batchfile": 0.11137534542117741
}
