{
  "TypeScript": 69.10158937715394,
  "Sass": 8.56543021579545,
  "F#": 8.236916626454562,
  "JavaScript": 5.0240114118428085,
  "Vue": 3.492660577261138,
  "PowerShell": 1.9594964201992038,
  "HTML": 1.7301111264459985,
  "Pug": 1.3208039465956383,
  "CSS": 0.3692126050090011,
  "Batchfile": 0.11333265501640555,
  "MDX": 0.08643503822584528
}
