{
  "TypeScript": 73.39878772025065,
  "Sass": 6.699212640612553,
  "F#": 6.439753572979068,
  "JavaScript": 4.053880500701635,
  "Vue": 2.731687177301232,
  "PowerShell": 2.6900854804562635,
  "HTML": 1.4060270458304147,
  "Pug": 1.0330300138908697,
  "CSS": 1.0327936406133413,
  "C#": 0.3559781559575127,
  "Batchfile": 0.08863997907308582,
  "MDX": 0.06760275737307346,
  "GLSL": 0.002521314960301108
}
