{
  "TypeScript": 37.88396395453773,
  "CSS": 36.43495206581305,
  "Sass": 10.999489922703672,
  "F#": 9.036869433291045,
  "JavaScript": 2.0816385252226683,
  "Pug": 1.65735884591742,
  "HTML": 1.0030212270628704,
  "PowerShell": 0.9027060254515492
}
