{
  "TypeScript": 71.47953173624214,
  "Sass": 7.867782391158102,
  "F#": 7.563064867911015,
  "JavaScript": 4.614809475206654,
  "Vue": 3.2081860100141304,
  "PowerShell": 1.7979536825663267,
  "HTML": 1.616307615717243,
  "Pug": 1.2132254622813747,
  "CSS": 0.45268087571356,
  "Batchfile": 0.10410179582537918,
  "MDX": 0.07939496961615586,
  "GLSL": 0.002961117747921897
}
