{
  "TypeScript": 66.9787710390597,
  "Sass": 9.712092569006973,
  "F#": 9.339600550570847,
  "JavaScript": 4.451513784260755,
  "Vue": 3.4105693610750984,
  "PowerShell": 2.207195115682702,
  "HTML": 1.7185349332632747,
  "Pug": 1.4976212369567825,
  "CSS": 0.5682759250903816,
  "Batchfile": 0.11582548503349688
}
