{
  "TypeScript": 66.65709726049984,
  "Sass": 12.478063976632981,
  "F#": 11.778319553388453,
  "JavaScript": 3.5568746613902436,
  "PowerShell": 1.9135867900972838,
  "Pug": 1.8655925376298497,
  "HTML": 1.4037582738557934,
  "CSS": 0.3467069465055473
}
