{
  "TypeScript": 68.18136810678284,
  "Sass": 9.150954971166824,
  "F#": 8.799984501764001,
  "JavaScript": 4.568105060819814,
  "Vue": 3.662319267966653,
  "PowerShell": 2.083436475528931,
  "HTML": 1.6272071532969268,
  "Pug": 1.4110928624165624,
  "CSS": 0.39445163151221885,
  "Batchfile": 0.12107996874522407
}
