{
  "TypeScript": 72.5689181225092,
  "Sass": 7.0082384408369505,
  "F#": 6.736810870290921,
  "JavaScript": 4.240880635336688,
  "Vue": 2.8576962863136375,
  "PowerShell": 2.8141755583305517,
  "HTML": 1.494788640100889,
  "Pug": 1.0806823192921289,
  "CSS": 0.6593225438195208,
  "C#": 0.37239895649163585,
  "Batchfile": 0.09272882382759857,
  "MDX": 0.07072118297251517,
  "GLSL": 0.0026376198777628037
}
