{
  "TypeScript": 58.9525115283752,
  "Sass": 16.482193049041935,
  "F#": 15.302974134464693,
  "JavaScript": 3.121831045311271,
  "Pug": 2.4855392690490343,
  "PowerShell": 1.688801539339661,
  "HTML": 1.5042298496162438,
  "CSS": 0.461919584801963
}
