{
  "TypeScript": 67.43933810593478,
  "Sass": 9.497357718355453,
  "F#": 9.133101517008118,
  "JavaScript": 4.395201781850636,
  "Vue": 3.684338100349735,
  "PowerShell": 2.1623034485377812,
  "HTML": 1.6888038970163606,
  "Pug": 1.4645087567816328,
  "CSS": 0.4093833112351983,
  "Batchfile": 0.12566336293031324
}
