{
  "TypeScript": 71.5107186168954,
  "Sass": 7.859179040463796,
  "F#": 7.554794723142451,
  "JavaScript": 4.60976322172267,
  "Vue": 3.204677886890677,
  "PowerShell": 1.7959876360624702,
  "HTML": 1.6145401975863702,
  "Pug": 1.2118988109323237,
  "CSS": 0.45218587316611447,
  "Batchfile": 0.10398796142924753,
  "MDX": 0.07930815191670611,
  "GLSL": 0.002957879791765263
}
