{
  "TypeScript": 72.69894810526839,
  "Sass": 7.293863118144713,
  "F#": 7.011373365153821,
  "JavaScript": 4.360876584661999,
  "Vue": 2.9741632967489227,
  "PowerShell": 2.2668666027283035,
  "HTML": 1.5236260257732224,
  "Pug": 1.124726131631818,
  "CSS": 0.572700149094197,
  "Batchfile": 0.09650803890517849,
  "MDX": 0.07360346433834945,
  "GLSL": 0.0027451175510806326
}
