{
  "TypeScript": 68.74813534246351,
  "Sass": 8.687260659710727,
  "F#": 8.35407445552,
  "JavaScript": 5.066759848456983,
  "Vue": 3.5423384542448804,
  "PowerShell": 1.9873673283391162,
  "HTML": 1.6974003097885837,
  "Pug": 1.3395904088146704,
  "CSS": 0.3744641025326647,
  "Batchfile": 0.1149446426600949,
  "MDX": 0.08766444746876571
}
