{
  "TypeScript": 69.63821772209985,
  "Sass": 8.408883895590392,
  "F#": 8.086374393873012,
  "JavaScript": 4.9321899295147125,
  "Vue": 3.428826870451266,
  "PowerShell": 1.923683630145589,
  "HTML": 1.7265780070475398,
  "Pug": 1.2966642370489343,
  "CSS": 0.36246468070965937,
  "Batchfile": 0.11126132763939066,
  "MDX": 0.08485530587964195
}
