{
  "TypeScript": 68.76695769520079,
  "Sass": 8.666133941075385,
  "F#": 8.333758018913118,
  "JavaScript": 5.054437896359051,
  "Vue": 3.533723772267964,
  "PowerShell": 1.9825342109715653,
  "HTML": 1.7504520353311224,
  "Pug": 1.3363326327720009,
  "CSS": 0.3735534359781392,
  "Batchfile": 0.11466510654172077,
  "MDX": 0.08745125458915237
}
