{
  "TypeScript": 70.15271027437682,
  "Sass": 8.266499700062905,
  "F#": 7.94945111997581,
  "JavaScript": 4.84867517250029,
  "Vue": 3.370767945912154,
  "PowerShell": 1.8911106811634641,
  "HTML": 1.6969536696841863,
  "Pug": 1.2747083512793265,
  "CSS": 0.35632721435731307,
  "Batchfile": 0.10937738503464589,
  "MDX": 0.08341848565308993
}
