{
  "TypeScript": 60.21404360537213,
  "Sass": 15.859744320103413,
  "F#": 15.031903620252972,
  "JavaScript": 2.7437489196359457,
  "Pug": 2.380934486723735,
  "PowerShell": 1.8862216944617722,
  "HTML": 1.4409238146057706,
  "CSS": 0.44247953884425467
}
