{
  "HTML": 7.5169214610806385,
  "Sass": 5.343388960205391,
  "TypeScript": 36.633504492939664,
  "PowerShell": 2.4069319640564824,
  "F#": 43.337904072820635,
  "Pug": 3.406173415801143,
  "JavaScript": 1.355175633096044
}
