{
  "TypeScript": 37.27585924475761,
  "CSS": 36.80016697445978,
  "Sass": 11.109746077289095,
  "F#": 9.12745276762809,
  "JavaScript": 2.1025043526965583,
  "Pug": 1.673971799281904,
  "HTML": 1.013075262680944,
  "PowerShell": 0.8972235212060207
}
