{
  "TypeScript": 72.03641810301934,
  "Sass": 7.2940007755103435,
  "F#": 7.011505691079228,
  "JavaScript": 4.360958887657375,
  "Vue": 2.9742194282498517,
  "PowerShell": 2.9289241338132803,
  "HTML": 1.5236547812271592,
  "Pug": 1.1247473586323566,
  "CSS": 0.5727109576866457,
  "Batchfile": 0.0965098603051942,
  "MDX": 0.07360485345942812,
  "GLSL": 0.002745169359792191
}
