{
  "TypeScript": 70.75770219965194,
  "Sass": 8.07222613056262,
  "F#": 7.759590545170762,
  "JavaScript": 4.734724955687015,
  "Vue": 3.2915504845234462,
  "PowerShell": 1.8466671033881037,
  "HTML": 1.658307248721403,
  "Pug": 1.244751035551973,
  "CSS": 0.44317731934685456,
  "Batchfile": 0.10680687323590649,
  "MDX": 0.081458041987918,
  "GLSL": 0.003038062172043562
}
