{
  "TypeScript": 63.227552496314985,
  "Sass": 14.569172934926316,
  "F#": 13.80869697293976,
  "JavaScript": 2.6525180625985976,
  "Pug": 2.187188241101603,
  "PowerShell": 1.8247280685705607,
  "HTML": 1.3236700300669342,
  "CSS": 0.4064731934812401
}
