{
  "TypeScript": 74.27976878260492,
  "Sass": 6.476235016684731,
  "F#": 6.225411824565439,
  "JavaScript": 3.9189505185938973,
  "Vue": 2.6407652811344855,
  "PowerShell": 2.6005482615660114,
  "HTML": 1.359228625377701,
  "CSS": 1.0028357568911634,
  "Pug": 0.9986464840194473,
  "C#": 0.34412972426205957,
  "Batchfile": 0.08568967237601086,
  "MDX": 0.06535265679877095,
  "GLSL": 0.0024373951253620863
}
