{
  "TypeScript": 73.43170963909455,
  "Sass": 6.6897723785769925,
  "F#": 6.430678930265859,
  "JavaScript": 4.04816793472702,
  "Vue": 2.727837793181586,
  "PowerShell": 2.686294719780955,
  "HTML": 1.404045728852766,
  "CSS": 1.0359017128649772,
  "Pug": 1.0315743093857446,
  "C#": 0.3554765258031267,
  "Batchfile": 0.08851507116611722,
  "MDX": 0.0675074942760254,
  "GLSL": 0.0025177620242806675
}
