{
  "TypeScript": 67.00016078404674,
  "Sass": 12.27709319825542,
  "F#": 11.588618807098253,
  "JavaScript": 3.592147365097115,
  "PowerShell": 1.9841620471430412,
  "Pug": 1.835545441772275,
  "HTML": 1.381149446598693,
  "CSS": 0.3411229099884554
}
