{
  "TypeScript": 70.5541852552275,
  "Sass": 8.153873005765492,
  "F#": 7.838075254421936,
  "JavaScript": 4.782614533025942,
  "Vue": 3.3248430121715917,
  "PowerShell": 1.865345296502729,
  "HTML": 1.6738335718039503,
  "Pug": 1.2573411229472666,
  "CSS": 0.35665102862031006,
  "Batchfile": 0.10788717590692358,
  "MDX": 0.08228195282501372,
  "GLSL": 0.0030687907813524927
}
