{
  "TypeScript": 37.87844056225268,
  "CSS": 36.49036125166846,
  "Sass": 11.016217618141306,
  "F#": 8.981712772242082,
  "JavaScript": 2.084804218859907,
  "Pug": 1.6598793077024845,
  "HTML": 1.0045465917590242,
  "PowerShell": 0.8840376773740585
}
