{
  "TypeScript": 62.473840750777065,
  "Sass": 14.881902119009377,
  "F#": 14.105102442000076,
  "JavaScript": 2.7094547063728958,
  "Pug": 2.234136519986812,
  "PowerShell": 1.8282824899197636,
  "HTML": 1.3520827787072967,
  "CSS": 0.4151981932267158
}
