{
  "TypeScript": 66.30583882674776,
  "Sass": 13.28719126488317,
  "F#": 12.542072630646588,
  "JavaScript": 2.409211691762622,
  "Pug": 1.9865649764455977,
  "PowerShell": 1.8976774810506598,
  "HTML": 1.2022543248391167,
  "CSS": 0.36918880362447776
}
