{
  "TypeScript": 37.875127369664376,
  "CSS": 36.438907688222606,
  "Sass": 11.000684100995805,
  "F#": 9.037850536358725,
  "JavaScript": 2.0818645218421805,
  "Pug": 1.6575387798934478,
  "HTML": 1.0031301217647453,
  "PowerShell": 0.9048968812581181
}
