{
  "TypeScript": 72.96609304811994,
  "Sass": 7.414774783574039,
  "F#": 7.127602147733883,
  "JavaScript": 4.349100067411007,
  "Vue": 3.0234665303912016,
  "PowerShell": 1.694431920550939,
  "HTML": 1.5232445885879182,
  "Pug": 1.1433709166414494,
  "CSS": 0.5821939012659839,
  "Batchfile": 0.09810786982088555,
  "MDX": 0.07482360205006205,
  "GLSL": 0.002790623852682967
}
