{
  "TypeScript": 66.35801232356921,
  "Sass": 13.062890891100706,
  "F#": 12.330350565164187,
  "JavaScript": 2.7791220612849434,
  "Pug": 1.9530298780281057,
  "PowerShell": 1.9288327748991272,
  "HTML": 1.2248049590190462,
  "CSS": 0.362956546934674
}
