{
  "TypeScript": 68.37383893729879,
  "Sass": 11.766036929116696,
  "F#": 11.106221533053933,
  "JavaScript": 3.4426177165917267,
  "PowerShell": 1.9015677036119794,
  "Pug": 1.7591375339590452,
  "HTML": 1.3236565961410587,
  "CSS": 0.3269230502267638
}
