{
  "TypeScript": 72.94677094769251,
  "Sass": 7.420074388372934,
  "F#": 7.132696499976437,
  "JavaScript": 4.352208524816778,
  "Vue": 3.0256275100839702,
  "PowerShell": 1.6956429916622888,
  "HTML": 1.5243333059889448,
  "Pug": 1.1441881247392829,
  "CSS": 0.5826100160750097,
  "Batchfile": 0.09817799102522257,
  "MDX": 0.07487708115523642,
  "GLSL": 0.002792618411384109
}
