{
  "TypeScript": 74.53087558576912,
  "Sass": 6.413007487436087,
  "F#": 6.164633083953264,
  "JavaScript": 3.880689776372527,
  "Vue": 2.6149834706193373,
  "PowerShell": 2.575159090103415,
  "HTML": 1.3459584664898203,
  "CSS": 0.9930450641527023,
  "Pug": 0.988896691182294,
  "C#": 0.34076998327828567,
  "Batchfile": 0.08485308348562891,
  "MDX": 0.06471461833837298,
  "GLSL": 0.0024135988191467776
}
