{
  "TypeScript": 70.26496660312738,
  "Sass": 8.23540920854836,
  "F#": 7.91955305531018,
  "JavaScript": 4.830439195995475,
  "Vue": 3.358090411765618,
  "PowerShell": 1.8839981713081346,
  "HTML": 1.6905713887210005,
  "Pug": 1.2699141444666573,
  "CSS": 0.35498705968044386,
  "Batchfile": 0.10896601422660283,
  "MDX": 0.08310474685015574
}
