{
  "TypeScript": 65.60647441928441,
  "Sass": 12.903319114212728,
  "F#": 12.179727248645834,
  "JavaScript": 3.66591460611209,
  "Pug": 1.9291723375686218,
  "PowerShell": 1.9052708179191369,
  "HTML": 1.4515986615148995,
  "CSS": 0.35852279474227466
}
