{
  "Pug": 3.4075652326192287,
  "Sass": 5.345572354211663,
  "PowerShell": 2.3670538789329285,
  "TypeScript": 36.6484735275232,
  "JavaScript": 1.355729379487479,
  "F#": 43.35561263207052,
  "HTML": 7.519992995154983
}
