{
  "TypeScript": 63.133557064349986,
  "Sass": 14.564371554527966,
  "F#": 13.804146213108107,
  "JavaScript": 2.6516439053428003,
  "Pug": 2.186467436784485,
  "PowerShell": 1.930240784036303,
  "HTML": 1.3232338046638428,
  "CSS": 0.40633923718651055
}
