{
  "TypeScript": 66.0019129027698,
  "Sass": 12.746218558164577,
  "F#": 12.031436571933867,
  "JavaScript": 3.6333121791150718,
  "Pug": 1.9056842687808853,
  "PowerShell": 1.8933526628749486,
  "HTML": 1.4339251501598598,
  "CSS": 0.3541577062009932
}
