{
  "TypeScript": 38.00814390680788,
  "CSS": 37.15547446326373,
  "Sass": 11.093905674193046,
  "F#": 8.420927679813488,
  "JavaScript": 1.9476821342210806,
  "Pug": 1.5376859087471642,
  "HTML": 1.022856556005031,
  "PowerShell": 0.8133236769485824
}
