{
  "TypeScript": 60.207688534848714,
  "Sass": 15.862277620865067,
  "F#": 15.034304688777263,
  "JavaScript": 2.744187182768542,
  "Pug": 2.381314796962471,
  "PowerShell": 1.8865229834837627,
  "HTML": 1.441153975529134,
  "CSS": 0.4425502167650425
}
