{
  "TypeScript": 37.88836633047432,
  "CSS": 36.484530830291625,
  "Sass": 11.01445744946965,
  "F#": 8.980277676278337,
  "JavaScript": 2.0844711093299595,
  "Pug": 1.6596140925753486,
  "HTML": 1.0043860855398001,
  "PowerShell": 0.8838964260409585
}
