{
  "TypeScript": 72.66891029799285,
  "Sass": 7.305262452454577,
  "F#": 7.022331205692649,
  "JavaScript": 4.367692052578988,
  "Vue": 2.9788115169256124,
  "PowerShell": 2.2700657366221977,
  "HTML": 1.5137208337235486,
  "Pug": 1.1264839284226047,
  "CSS": 0.5735952029707351,
  "Batchfile": 0.09665886808599117,
  "MDX": 0.07371849672691592,
  "GLSL": 0.00274940780333486
}
