{
  "TypeScript": 60.25455883754079,
  "Sass": 15.769346452971252,
  "F#": 14.94622430545566,
  "JavaScript": 2.8710261377711435,
  "Pug": 2.367363561806086,
  "PowerShell": 1.9188124323950686,
  "HTML": 1.4327107919421462,
  "CSS": 0.4399574801178451
}
