{
  "TypeScript": 73.12102746609143,
  "Sass": 6.80291431168349,
  "F#": 6.539438900588239,
  "JavaScript": 4.116633275512229,
  "Vue": 2.77397282194727,
  "PowerShell": 2.731727144128171,
  "HTML": 1.427791895230719,
  "Pug": 1.0490209884208437,
  "CSS": 0.9147629441396923,
  "C#": 0.3614885840656984,
  "Batchfile": 0.09001209762592093,
  "MDX": 0.06864922645603569,
  "GLSL": 0.0025603441102484176
}
