{
  "TypeScript": 66.11751017676566,
  "Sass": 13.009836005182015,
  "F#": 12.280270889231355,
  "JavaScript": 3.0851103020181614,
  "Pug": 1.9450976539715479,
  "PowerShell": 1.9209988272927654,
  "HTML": 1.2796937453567547,
  "CSS": 0.36148240018173894
}
