{
  "TypeScript": 74.38938002087227,
  "Sass": 6.448635414896973,
  "F#": 6.198881149430867,
  "JavaScript": 3.902249229425042,
  "Vue": 2.62951120064073,
  "PowerShell": 2.5894655728951776,
  "HTML": 1.3534360362109554,
  "CSS": 0.9985619979127733,
  "Pug": 0.9943905783559449,
  "C#": 0.34266315559546634,
  "Batchfile": 0.08532449093512608,
  "MDX": 0.06507414508652282,
  "GLSL": 0.002427007742154697
}
