{
  "TypeScript": 72.94098176449324,
  "Sass": 7.406133088276926,
  "F#": 7.119295143440748,
  "JavaScript": 4.428000888474655,
  "Vue": 3.019942771779606,
  "PowerShell": 1.6651060289973738,
  "HTML": 1.5214692931835703,
  "Pug": 1.1420383524892532,
  "CSS": 0.5815153719181035,
  "Batchfile": 0.09799352807187935,
  "MDX": 0.07473639740948665,
  "GLSL": 0.002787371465155679
}
