{
  "TypeScript": 73.34092821807583,
  "Sass": 6.712630719650857,
  "F#": 6.4526519726963105,
  "JavaScript": 4.062000154739855,
  "Vue": 2.7371585657194375,
  "PowerShell": 2.6954735434321617,
  "HTML": 1.4088432248417468,
  "CSS": 1.0394412943831013,
  "Pug": 1.0350991045615099,
  "C#": 0.3566911566172604,
  "Batchfile": 0.08881751907800309,
  "MDX": 0.0677381612168237,
  "GLSL": 0.0025263649871076436
}
