{
  "TypeScript": 65.9805278839498,
  "Sass": 12.75423601288109,
  "F#": 12.039004424112921,
  "JavaScript": 3.6355975562042917,
  "Pug": 1.9068829566316547,
  "PowerShell": 1.8945435940650674,
  "HTML": 1.4348270984440363,
  "CSS": 0.3543804737111385
}
