{
  "TypeScript": 73.12249011247337,
  "Sass": 6.803050390980367,
  "F#": 6.539569709563156,
  "JavaScript": 4.116715620891866,
  "Vue": 2.7740283099710594,
  "PowerShell": 2.7317817871079293,
  "HTML": 1.4278204554783258,
  "Pug": 1.0490419720804893,
  "CSS": 0.9127809333761132,
  "C#": 0.3614958149538289,
  "Batchfile": 0.09001389814587371,
  "MDX": 0.06865059965258635,
  "GLSL": 0.0025603953250381856
}
