{
  "TypeScript": 71.33054340374511,
  "Sass": 7.908882970856429,
  "F#": 7.602573630979567,
  "JavaScript": 4.638916820224416,
  "Vue": 3.2249452819710958,
  "PowerShell": 1.8073460290942713,
  "HTML": 1.6247510597112527,
  "Pug": 1.219563241762995,
  "CSS": 0.4550456394405134,
  "Batchfile": 0.10464561413952936,
  "MDX": 0.07980972171708105,
  "GLSL": 0.0029765863577466125
}
