{
  "TypeScript": 66.6630394023837,
  "Sass": 12.463623195864919,
  "F#": 11.764688582205327,
  "JavaScript": 3.552758313910313,
  "PowerShell": 1.944017587330064,
  "Pug": 1.8634334997463364,
  "HTML": 1.4021337137059122,
  "CSS": 0.34630570485342665
}
