{
  "TypeScript": 68.00359092094087,
  "Sass": 8.937882113513467,
  "F#": 8.595083718074862,
  "JavaScript": 5.212932361177688,
  "Vue": 3.644532465457359,
  "PowerShell": 2.0447014994407584,
  "HTML": 1.5893189023723626,
  "Pug": 1.3782366643960609,
  "CSS": 0.3852671325613274,
  "Batchfile": 0.11826071599767894,
  "MDX": 0.09019350606756314
}
