{
  "TypeScript": 67.01898979853902,
  "Sass": 9.971022174896596,
  "F#": 9.58859931912079,
  "JavaScript": 4.4808325349088385,
  "Vue": 3.050822015641693,
  "PowerShell": 2.244931226039936,
  "HTML": 1.7192024120433296,
  "Pug": 1.537548623758533,
  "CSS": 0.2761747394517081,
  "Batchfile": 0.11187715559954545
}
