{
  "TypeScript": 72.66004980703215,
  "Sass": 7.311538170485894,
  "F#": 7.02836386651165,
  "JavaScript": 4.371444197549549,
  "Vue": 2.9813705189149773,
  "PowerShell": 2.2703820144330322,
  "HTML": 1.5020363096016125,
  "Pug": 1.1274516548455227,
  "CSS": 0.5740879603194805,
  "Batchfile": 0.09674190463741994,
  "MDX": 0.07378182593680561,
  "GLSL": 0.0027517697319088337
}
