{
  "TypeScript": 72.1210343288101,
  "Sass": 7.271929539471546,
  "F#": 6.990289269274783,
  "JavaScript": 4.34776287137943,
  "Vue": 2.9652196075681094,
  "PowerShell": 2.9200613741445167,
  "HTML": 1.519044287568999,
  "Pug": 1.1213439363953126,
  "CSS": 0.5709779665452754,
  "Batchfile": 0.09621782689685962,
  "MDX": 0.07338212931333828,
  "GLSL": 0.002736862631732896
}
