{
  "TypeScript": 69.55853054636171,
  "Sass": 11.325290257580637,
  "F#": 10.690191037524704,
  "JavaScript": 3.3136599112491263,
  "PowerShell": 1.8303364435779883,
  "Pug": 1.6932415982639997,
  "HTML": 1.274073440612945,
  "CSS": 0.314676764828892
}
