{
  "TypeScript": 63.033395739601026,
  "Sass": 14.64609746829513,
  "F#": 13.881606229753388,
  "JavaScript": 2.6665232305740973,
  "Pug": 2.198736489968438,
  "PowerShell": 1.8343625451346535,
  "HTML": 1.3306589442525214,
  "CSS": 0.4086193524207443
}
