{
  "TypeScript": 67.96148825637117,
  "Sass": 9.310910492610406,
  "F#": 8.953805181038485,
  "JavaScript": 4.311655146433984,
  "Vue": 3.7263353395183407,
  "PowerShell": 2.119854223063243,
  "HTML": 1.6556501703943163,
  "Pug": 1.4357582766082333,
  "CSS": 0.40134650932569405,
  "Batchfile": 0.1231964046361271
}
