{
  "TypeScript": 73.37739195164013,
  "Sass": 6.704600921493283,
  "F#": 6.444933166897841,
  "JavaScript": 4.05714109981477,
  "Vue": 2.7338843157679755,
  "PowerShell": 2.6922491580314456,
  "HTML": 1.4071579352431358,
  "Pug": 1.0338608959917486,
  "CSS": 1.0336243325955183,
  "C#": 0.3562644747228068,
  "Batchfile": 0.08871127358635628,
  "MDX": 0.06765713132186106,
  "GLSL": 0.002523342893123023
}
