{
  "TypeScript": 65.95776347164123,
  "Sass": 13.419708479921974,
  "F#": 12.667158550062856,
  "JavaScript": 2.4332394954923,
  "Pug": 2.006377595450184,
  "PowerShell": 1.9286367968891014,
  "HTML": 1.2142447742666873,
  "CSS": 0.3728708362756616
}
