{
  "TypeScript": 67.10179659725749,
  "Sass": 9.6387987012987,
  "F#": 9.269117753754626,
  "JavaScript": 4.41791971994486,
  "Vue": 3.507037655082348,
  "PowerShell": 2.1945059130813322,
  "HTML": 1.705565733149532,
  "Pug": 1.4863191975622143,
  "CSS": 0.5639873394761663,
  "Batchfile": 0.11495138939273018
}
