{
  "TypeScript": 59.76278751882519,
  "Sass": 16.969381727421368,
  "F#": 13.930134613950093,
  "JavaScript": 3.2087998048430375,
  "Pug": 2.5547820512045094,
  "PowerShell": 1.553191360675469,
  "HTML": 1.5461350655529817,
  "CSS": 0.47478785752735325
}
