{
  "TypeScript": 72.83789397737075,
  "Sass": 6.939519061334656,
  "F#": 6.670752977606635,
  "JavaScript": 4.199296621284674,
  "Vue": 2.829675105633314,
  "PowerShell": 2.7865811207537527,
  "HTML": 1.480131469300841,
  "Pug": 1.070085673780167,
  "CSS": 0.6528575474462326,
  "C#": 0.36874739334442785,
  "Batchfile": 0.09181957005588343,
  "MDX": 0.07002772542928709,
  "GLSL": 0.002611756659367351
}
