{
  "TypeScript": 66.93363883405105,
  "Sass": 9.663392308155665,
  "F#": 9.292768111544131,
  "JavaScript": 4.429192139266503,
  "Vue": 3.749089351004186,
  "PowerShell": 2.2001052431787986,
  "HTML": 1.7099175216254276,
  "Pug": 1.4901115736810222,
  "CSS": 0.41654022710250527,
  "Batchfile": 0.11524469039070678
}
