{
  "TypeScript": 67.33421379457867,
  "Sass": 9.048495252000992,
  "F#": 8.701454463800166,
  "JavaScript": 5.323846203782436,
  "Vue": 3.689636346802404,
  "PowerShell": 2.0700062469470306,
  "HTML": 1.6479382414258792,
  "Pug": 1.3952933989883565,
  "CSS": 0.5780820489134889,
  "Batchfile": 0.11972428295796668,
  "MDX": 0.09130971980260924
}
