{
  "TypeScript": 67.16498091089332,
  "Sass": 9.951264843506777,
  "F#": 9.569599749067782,
  "JavaScript": 4.428181186169702,
  "Vue": 3.040329395351668,
  "PowerShell": 2.240482950887977,
  "HTML": 1.6833759746446102,
  "Pug": 1.53450200956445,
  "CSS": 0.2756275061035985,
  "Batchfile": 0.11165547381012016
}
