{
  "TypeScript": 67.87147152348234,
  "Sass": 8.979272428115657,
  "F#": 8.634886572331062,
  "JavaScript": 5.226617721139335,
  "Vue": 3.6614098804206976,
  "PowerShell": 2.0485730850995294,
  "HTML": 1.5966788572852764,
  "Pug": 1.384619121493965,
  "CSS": 0.3870512607944003,
  "Batchfile": 0.1188083679109687,
  "MDX": 0.09061118192676546
}
