{
  "TypeScript": 73.03276945603075,
  "Sass": 6.87430114977285,
  "F#": 6.6080609417610665,
  "JavaScript": 4.159831443186862,
  "Vue": 2.8030816920038193,
  "PowerShell": 2.7603927063280764,
  "HTML": 1.4427745253477982,
  "Pug": 1.060028960595964,
  "CSS": 0.7305637775871506,
  "C#": 0.3652818887935753,
  "Batchfile": 0.09095664561593012,
  "MDX": 0.0693696017230827,
  "GLSL": 0.0025872112530753453
}
