{
  "TypeScript": 67.17414646392619,
  "Sass": 10.0213214590054,
  "F#": 9.63696945338568,
  "JavaScript": 4.457233914909817,
  "Vue": 2.790883514587343,
  "PowerShell": 2.256255885795241,
  "HTML": 1.7278750083977552,
  "Pug": 1.5453048591475422,
  "CSS": 0.2775679157419314,
  "Batchfile": 0.11244152510310086
}
