{
  "TypeScript": 69.83615715301539,
  "Sass": 8.362289492086191,
  "F#": 8.041567045350606,
  "JavaScript": 4.904860208877746,
  "Vue": 3.4098274235886885,
  "PowerShell": 1.9130243212063334,
  "HTML": 1.6873088918110049,
  "Pug": 1.2894793005673866,
  "CSS": 0.36045623038513247,
  "Batchfile": 0.11064481833104339,
  "MDX": 0.08438511478047576
}
