{
  "TypeScript": 68.06773821625914,
  "Sass": 8.919963197611413,
  "F#": 8.577852053978235,
  "JavaScript": 5.202481328662746,
  "Vue": 3.637225804894886,
  "PowerShell": 2.0406022247190774,
  "HTML": 1.5861325914106077,
  "Pug": 1.3754735370053892,
  "CSS": 0.3844947382445848,
  "Batchfile": 0.11802362360850147,
  "MDX": 0.09001268360541713
}
