{
  "TypeScript": 72.64420650460235,
  "Sass": 6.989003365243137,
  "F#": 6.718320765046188,
  "JavaScript": 4.229240954367829,
  "Vue": 2.8498529452864405,
  "PowerShell": 2.8064516659350924,
  "HTML": 1.4906859868119295,
  "Pug": 1.077716237832435,
  "CSS": 0.6575129422943823,
  "C#": 0.3713768562677859,
  "Batchfile": 0.09247431679974749,
  "MDX": 0.07052707894594075,
  "GLSL": 0.002630380566748373
}
