{
  "TypeScript": 66.76365275246262,
  "Sass": 10.585676437485683,
  "F#": 10.17967948526409,
  "JavaScript": 4.3559078096831705,
  "Vue": 2.5111801675282117,
  "PowerShell": 1.878093843686816,
  "HTML": 1.681507156303224,
  "Pug": 1.63232935926933,
  "CSS": 0.2931992709235964,
  "Batchfile": 0.11877371739325306
}
