{
  "TypeScript": 67.44035291902716,
  "Sass": 9.095217108528592,
  "F#": 8.746384377085937,
  "JavaScript": 5.304696458828966,
  "Vue": 3.7086877642185976,
  "PowerShell": 2.0806947130607423,
  "HTML": 1.6172959419446489,
  "Pug": 1.4024979889434679,
  "CSS": 0.3920490526640081,
  "Batchfile": 0.12034247864857002,
  "MDX": 0.09178119704930938
}
