{
  "TypeScript": 68.01121053880512,
  "Sass": 11.900947363543564,
  "F#": 11.233566464987426,
  "JavaScript": 3.4820910800112888,
  "PowerShell": 1.9233712494050017,
  "Pug": 1.7793079626558757,
  "HTML": 1.3388337613576209,
  "CSS": 0.3306715792341057
}
