{
  "TypeScript": 67.99460007188357,
  "Sass": 9.204668967518154,
  "F#": 8.851638382359946,
  "JavaScript": 4.5949187845614885,
  "Vue": 3.6838162378912997,
  "PowerShell": 2.09566576740037,
  "HTML": 1.6367584842094323,
  "Pug": 1.4193756522567542,
  "CSS": 0.3967669716666161,
  "Batchfile": 0.12179068025237196
}
