{
  "TypeScript": 72.4102997745059,
  "Sass": 7.048763098554185,
  "F#": 6.775766016713092,
  "JavaScript": 4.265403236503515,
  "Vue": 2.87422071892824,
  "PowerShell": 2.8304483353229872,
  "HTML": 1.503432152805412,
  "Pug": 1.0869312906220985,
  "CSS": 0.6631350311712428,
  "C#": 0.37455232789494625,
  "Batchfile": 0.0932650218861918,
  "MDX": 0.07113012335853562,
  "GLSL": 0.002652871733651678
}
