{
  "TypeScript": 67.74393207368185,
  "Sass": 9.04220190511032,
  "F#": 8.695402488320378,
  "JavaScript": 5.190505714586526,
  "Vue": 3.687070156426637,
  "PowerShell": 2.0586762067524322,
  "HTML": 1.6078688691956826,
  "Pug": 1.394322954165262,
  "CSS": 0.3897638339574163,
  "Batchfile": 0.11964101315200364,
  "MDX": 0.0706147846514937
}
