{
  "TypeScript": 66.26039033285159,
  "Sass": 13.300410670206873,
  "F#": 12.554550718633632,
  "JavaScript": 2.4116086126188896,
  "Pug": 1.988541406761229,
  "PowerShell": 1.9114917042107427,
  "HTML": 1.2034504457427293,
  "CSS": 0.3695561089743288
}
