{
  "TypeScript": 66.51910898961097,
  "Sass": 12.502378574684295,
  "F#": 11.801270638284063,
  "JavaScript": 3.5638055424846624,
  "PowerShell": 1.9903322924149651,
  "Pug": 1.8692278077138098,
  "HTML": 1.406493619519506,
  "CSS": 0.3473825352877227
}
