{
  "TypeScript": 68.76348738900458,
  "Sass": 8.667096836012718,
  "F#": 8.334683983531242,
  "JavaScript": 5.054999495417474,
  "Vue": 3.5341164046405282,
  "PowerShell": 1.9827544905296486,
  "HTML": 1.7506465282173762,
  "Pug": 1.33648111281344,
  "CSS": 0.3735949415346852,
  "Batchfile": 0.11467784699222942,
  "MDX": 0.08746097130607365
}
