{
  "TypeScript": 66.61940117547891,
  "Sass": 9.817789222082377,
  "F#": 9.441243374940822,
  "JavaScript": 4.499959585695645,
  "Vue": 3.4476865697493158,
  "PowerShell": 2.231216008683302,
  "HTML": 1.7372377400321004,
  "Pug": 1.513919841114049,
  "CSS": 0.5744604690368694,
  "Batchfile": 0.11708601318661017
}
