{
  "TypeScript": 70.47501531578406,
  "Sass": 8.177234156939422,
  "F#": 7.863609216206936,
  "JavaScript": 4.796316902566608,
  "Vue": 3.3343688117740635,
  "PowerShell": 1.8706895805542918,
  "HTML": 1.6786291676003606,
  "Pug": 1.2609434522979448,
  "CSS": 0.35247942587689474,
  "Batchfile": 0.10819627670163891,
  "MDX": 0.08251769369778328
}
