{
  "TypeScript": 72.25723044660167,
  "Sass": 7.236404241158438,
  "F#": 6.956139858140093,
  "JavaScript": 4.326522900315074,
  "Vue": 2.950733725856666,
  "PowerShell": 2.905796102342033,
  "HTML": 1.511623354627639,
  "Pug": 1.1158658748112706,
  "CSS": 0.5681885882266831,
  "Batchfile": 0.09574777737492787,
  "MDX": 0.07302363821127833,
  "GLSL": 0.0027234923342201707
}
