{
  "TypeScript": 70.2705817298986,
  "Sass": 8.23385404410305,
  "F#": 7.918057536748506,
  "JavaScript": 4.829527021857844,
  "Vue": 3.3574562741435194,
  "PowerShell": 1.8836423994336775,
  "HTML": 1.6902521433199016,
  "Pug": 1.269674335457043,
  "CSS": 0.3549200243650418,
  "Batchfile": 0.10894543721982865,
  "MDX": 0.08308905345298931
}
