{
  "TypeScript": 68.33316909313704,
  "Sass": 9.10729740614744,
  "F#": 8.758001353910487,
  "JavaScript": 4.546311450826486,
  "Vue": 3.64484699954584,
  "PowerShell": 2.0734967737512746,
  "HTML": 1.6194440397946854,
  "Pug": 1.4043607914378016,
  "CSS": 0.3925697735199102,
  "Batchfile": 0.1205023179290311
}
