{
  "TypeScript": 66.27520857809267,
  "Sass": 13.294569205262174,
  "F#": 12.54903683115017,
  "JavaScript": 2.4105494477915586,
  "Pug": 1.9876680506516544,
  "PowerShell": 1.9106521878936082,
  "HTML": 1.2029218971312767,
  "CSS": 0.3693938020268818
}
