{
  "TypeScript": 65.77629515218587,
  "Sass": 13.49601522256634,
  "F#": 12.739186165935527,
  "JavaScript": 2.447075308710779,
  "Pug": 2.0177861993742185,
  "PowerShell": 1.927501731646537,
  "HTML": 1.2211491763731759,
  "CSS": 0.3749910432075667
}
