{
  "TypeScript": 60.32547960514062,
  "Sass": 17.199326097631182,
  "F#": 13.363119930916541,
  "JavaScript": 3.1639970199292233,
  "Pug": 2.547029241944496,
  "HTML": 1.6231649706225977,
  "PowerShell": 1.2794408980849659,
  "CSS": 0.49844223573037133
}
