{
  "TypeScript": 72.76139235793414,
  "Sass": 7.277363185144164,
  "F#": 6.995512471016793,
  "JavaScript": 4.351011555622507,
  "Vue": 2.9674352440923046,
  "PowerShell": 2.2613962095230105,
  "HTML": 1.5198369665228455,
  "Pug": 1.1221818138244652,
  "CSS": 0.5714046059867386,
  "Batchfile": 0.0962897216499522,
  "MDX": 0.07343696104503021,
  "GLSL": 0.002738907638043085
}
