{
  "TypeScript": 59.69381056169743,
  "Sass": 16.988282062728636,
  "F#": 13.95709146293427,
  "JavaScript": 3.2150093020343276,
  "Pug": 2.559725928334946,
  "PowerShell": 1.5612469775963382,
  "HTML": 1.5491270631629341,
  "CSS": 0.475706641511111
}
