{
  "TypeScript": 73.40203602834242,
  "Sass": 6.698394591179311,
  "F#": 6.4389672064247865,
  "JavaScript": 4.053385476163091,
  "Vue": 2.7313536074823492,
  "PowerShell": 2.689756990673849,
  "HTML": 1.4058553540675662,
  "Pug": 1.0329038692731778,
  "CSS": 1.0326675248594934,
  "C#": 0.355934687009093,
  "Batchfile": 0.08862915513174625,
  "MDX": 0.06759450231381181,
  "GLSL": 0.0025210070793030047
}
