{
  "TypeScript": 65.95769688038226,
  "Sass": 12.771552003423547,
  "F#": 12.05534936916004,
  "JavaScript": 3.6284787361803637,
  "Pug": 1.9094718664816264,
  "PowerShell": 1.885814426216663,
  "HTML": 1.4367751141810532,
  "CSS": 0.35486160397444994
}
