{
  "TypeScript": 68.06797271523679,
  "Sass": 8.919897692628876,
  "F#": 8.577789061336166,
  "JavaScript": 5.202443123522093,
  "Vue": 3.6371990944245,
  "PowerShell": 2.0405872392746165,
  "HTML": 1.5861209434267096,
  "Pug": 1.3754634360253712,
  "CSS": 0.38449191465433497,
  "Batchfile": 0.1180227568857099,
  "MDX": 0.09001202258483475
}
