{
  "TypeScript": 68.80678234804466,
  "Sass": 8.662858167539321,
  "F#": 8.330607882513203,
  "JavaScript": 5.05252733346986,
  "Vue": 3.5323880349142986,
  "PowerShell": 1.9817848187804448,
  "HTML": 1.7217717162393058,
  "Pug": 1.3358275029062985,
  "CSS": 0.373412233861001,
  "Batchfile": 0.11462176346347235,
  "MDX": 0.08741819826814157
}
