{
  "TypeScript": 73.05774643133259,
  "Sass": 6.833148222859081,
  "F#": 6.568501858873489,
  "JavaScript": 4.134928658798266,
  "Vue": 2.7863010748194568,
  "PowerShell": 2.7438676462787974,
  "HTML": 1.434137371795593,
  "Pug": 1.0536831090844505,
  "CSS": 0.8626523143095486,
  "C#": 0.36309513285359984,
  "Batchfile": 0.09041213467470116,
  "MDX": 0.06895432137857208,
  "GLSL": 0.0025717229418581664
}
