{
  "TypeScript": 58.93674177116757,
  "Sass": 16.501062354932586,
  "F#": 15.289270804287122,
  "JavaScript": 3.1254050105450015,
  "Pug": 2.4883847884912202,
  "PowerShell": 1.690734929680351,
  "HTML": 1.5059519367849723,
  "CSS": 0.46244840411117616
}
