{
  "TypeScript": 68.25462104926328,
  "Sass": 9.12988761728456,
  "F#": 8.779725153068565,
  "JavaScript": 4.557588356695394,
  "Vue": 3.653887866403517,
  "PowerShell": 2.078639982303964,
  "HTML": 1.623460992481332,
  "Pug": 1.4078442405200573,
  "CSS": 0.393543523873542,
  "Batchfile": 0.12080121810579396
}
