{
  "TypeScript": 66.89307813085139,
  "Sass": 9.7372962783544,
  "F#": 9.363837611330423,
  "JavaScript": 4.4630658425610035,
  "Vue": 3.4194200797307337,
  "PowerShell": 2.212922975438307,
  "HTML": 1.722994678128103,
  "Pug": 1.5015076919200767,
  "CSS": 0.5697506496302633,
  "Batchfile": 0.11612606205529388
}
