{
  "TypeScript": 69.37304434297734,
  "Sass": 11.06687110495598,
  "F#": 10.642418688922325,
  "JavaScript": 3.2627257628689392,
  "PowerShell": 1.9166089623108122,
  "Pug": 1.7065303976133828,
  "HTML": 1.6529043947290327,
  "CSS": 0.3065272737685543,
  "Batchfile": 0.07236907185363746
}
