{
  "TypeScript": 69.5098805514477,
  "Sass": 8.44442767090717,
  "F#": 8.1205549436525,
  "JavaScript": 4.953037957963088,
  "Vue": 3.443320286390492,
  "PowerShell": 1.9318149088716894,
  "HTML": 1.7338761338276671,
  "Pug": 1.3021451478184525,
  "CSS": 0.3639967940473365,
  "Batchfile": 0.1117316216379955,
  "MDX": 0.08521398343591124
}
