{
  "TypeScript": 70.39555018100533,
  "Sass": 8.19924280559236,
  "F#": 7.884773757794222,
  "JavaScript": 4.809225968335156,
  "Vue": 3.34334311167171,
  "PowerShell": 1.875724455296407,
  "HTML": 1.6831471205975779,
  "Pug": 1.264337223453354,
  "CSS": 0.3534281079976007,
  "Batchfile": 0.108487481991078,
  "MDX": 0.08273978626519547
}
