{
  "TypeScript": 69.21968434976728,
  "Sass": 11.048147965269639,
  "F#": 10.62441364577838,
  "JavaScript": 3.336339278521179,
  "PowerShell": 1.9474106857453228,
  "HTML": 1.7201456367449512,
  "Pug": 1.7036432575436664,
  "CSS": 0.3060086851891796,
  "Batchfile": 0.0818621960378697,
  "Vue": 0.01234429940253591
}
