{
  "TypeScript": 61.33486891821194,
  "Sass": 15.333444748009068,
  "F#": 14.53307562634424,
  "JavaScript": 2.7916642446084987,
  "Pug": 2.3019240830087777,
  "PowerShell": 1.8841190490030808,
  "HTML": 1.3931073068650817,
  "CSS": 0.4277960239493112
}
