{
  "TypeScript": 67.90145329186795,
  "Sass": 8.966413255422294,
  "F#": 8.62252059295911,
  "JavaScript": 5.229572870760266,
  "Vue": 3.6561663930078323,
  "PowerShell": 2.0512285119814058,
  "HTML": 1.5943922612023482,
  "Pug": 1.3826362151348626,
  "CSS": 0.38649696655245763,
  "Batchfile": 0.11863822302087716,
  "MDX": 0.09048141809058899
}
