{
  "TypeScript": 72.66533706446509,
  "Sass": 7.302934572921123,
  "F#": 7.020093484433862,
  "JavaScript": 4.366300253036698,
  "Vue": 2.977862295127025,
  "PowerShell": 2.2696859287202664,
  "HTML": 1.5251774091309658,
  "Pug": 1.126124965428625,
  "CSS": 0.573412422332507,
  "Batchfile": 0.09662806697484577,
  "MDX": 0.07369500574614905,
  "GLSL": 0.0027485316828400577
}
