{
  "TypeScript": 38.014075977194565,
  "CSS": 37.16127345440381,
  "Sass": 11.06615655922929,
  "F#": 8.422241964874088,
  "JavaScript": 1.8944942012629962,
  "Pug": 1.6052910306998236,
  "HTML": 1.0230161969783071,
  "PowerShell": 0.8134506153571152
}
