{
  "TypeScript": 65.95405444506063,
  "Sass": 12.77291852530562,
  "F#": 12.05663925927712,
  "JavaScript": 3.6288669736937287,
  "Pug": 1.9096761748607527,
  "PowerShell": 1.8860162033129988,
  "HTML": 1.4369288452728282,
  "CSS": 0.35489957321630944
}
