{
  "TypeScript": 71.88314886384147,
  "Sass": 7.711801300825101,
  "F#": 7.4131248917264,
  "JavaScript": 4.523319525709481,
  "Vue": 3.1445827827063364,
  "PowerShell": 1.762308724199138,
  "HTML": 1.5842638438284276,
  "Pug": 1.189172912144874,
  "CSS": 0.605515853975988,
  "Batchfile": 0.10203794723232272,
  "MDX": 0.0778209410891848,
  "GLSL": 0.0029024127212749573
}
