{
  "TypeScript": 72.57151805362103,
  "Sass": 7.007574196632409,
  "F#": 6.736172352121847,
  "JavaScript": 4.240478682633744,
  "Vue": 2.857425432487452,
  "PowerShell": 2.813908829419861,
  "HTML": 1.4946469633158332,
  "Pug": 1.0805798917029992,
  "CSS": 0.6592600529122332,
  "C#": 0.37236366033972623,
  "Batchfile": 0.09272003494515095,
  "MDX": 0.07071447998483513,
  "GLSL": 0.002637369882884294
}
