{
  "TypeScript": 60.35540693944953,
  "Sass": 15.786097536800254,
  "F#": 14.96210102279549,
  "JavaScript": 2.7310079650502797,
  "Pug": 2.369878308095401,
  "PowerShell": 1.9208507025290298,
  "HTML": 1.4342326976628497,
  "CSS": 0.44042482761716145
}
