{
  "TypeScript": 59.67354380654925,
  "Sass": 16.93861287310429,
  "F#": 14.067078275429049,
  "JavaScript": 3.2029816144508483,
  "Pug": 2.5501497246997453,
  "PowerShell": 1.5503751167208681,
  "HTML": 1.5433316160607915,
  "CSS": 0.47392697298515635
}
