{
  "TypeScript": 72.40528382261066,
  "Sass": 7.197786104061237,
  "F#": 6.919017393203562,
  "JavaScript": 4.303433773595447,
  "Vue": 2.934986700709239,
  "PowerShell": 2.8902888934414435,
  "HTML": 1.503556353945682,
  "Pug": 1.1099108922122536,
  "CSS": 0.5651563661359931,
  "Batchfile": 0.0952368052580875,
  "MDX": 0.07263393681016808,
  "GLSL": 0.0027089580162300447
}
