{
  "TypeScript": 72.69285737024023,
  "Sass": 7.122775624818842,
  "F#": 6.846912053721771,
  "JavaScript": 4.258586285065167,
  "Vue": 2.9044002459567095,
  "PowerShell": 2.8601682491333715,
  "HTML": 1.4878873022335484,
  "Pug": 1.0983441483916474,
  "CSS": 0.5592666871072106,
  "Batchfile": 0.09424431141336309,
  "MDX": 0.07187699483792491,
  "GLSL": 0.002680727080202328
}
