{
  "TypeScript": 37.69721951406646,
  "CSS": 36.851525305345476,
  "Sass": 11.087549788543377,
  "F#": 8.82045963539772,
  "JavaScript": 2.105438608791357,
  "Pug": 1.6166477279491818,
  "HTML": 1.014489111009105,
  "PowerShell": 0.8066703088973168
}
