{
  "TypeScript": 72.20881308534719,
  "Sass": 7.249033391166453,
  "F#": 6.968279883879054,
  "JavaScript": 4.334073654101108,
  "Vue": 2.9558834186620513,
  "PowerShell": 2.910867368905675,
  "HTML": 1.514261476748102,
  "Pug": 1.117813311280016,
  "CSS": 0.569180204874181,
  "Batchfile": 0.09591487874227884,
  "MDX": 0.07315108085411134,
  "GLSL": 0.002728245439780376
}
