{
  "TypeScript": 66.55807943516959,
  "Sass": 12.48782629579044,
  "F#": 11.787534421563036,
  "JavaScript": 3.5596574124414153,
  "PowerShell": 1.9880156235956958,
  "Pug": 1.8670520997705966,
  "HTML": 1.404856516044242,
  "CSS": 0.34697819562498067
}
