{
  "TypeScript": 72.27745086616223,
  "Sass": 7.231129961329081,
  "F#": 6.9510698500364425,
  "JavaScript": 4.323369498196576,
  "Vue": 2.9485830727348343,
  "PowerShell": 2.9036782021722733,
  "HTML": 1.5105216023894834,
  "Pug": 1.1150525718669284,
  "CSS": 0.5677744618857155,
  "Batchfile": 0.09567799125545683,
  "MDX": 0.07297041466416174,
  "GLSL": 0.002721507306821883
}
