{
  "TypeScript": 63.17639928649646,
  "Sass": 14.533502296847775,
  "F#": 13.774888256806175,
  "JavaScript": 2.646023732945819,
  "Pug": 2.1818332082176877,
  "PowerShell": 1.9614460154684261,
  "HTML": 1.3204292040578791,
  "CSS": 0.40547799915977384
}
