{
  "TypeScript": 58.82960842656975,
  "Sass": 16.38497506112851,
  "F#": 15.599761335584786,
  "JavaScript": 3.103417346847251,
  "Pug": 2.470878651624049,
  "PowerShell": 1.6568068105152731,
  "HTML": 1.4953573531648383,
  "CSS": 0.45919501456554884
}
