{
  "TypeScript": 71.1201618634549,
  "Sass": 7.9717564022509375,
  "F#": 7.663011987871491,
  "JavaScript": 4.675794925453179,
  "Vue": 3.250582704687327,
  "PowerShell": 1.8213388987959624,
  "HTML": 1.637667381101054,
  "Pug": 1.229258432107169,
  "CSS": 0.44150545014054293,
  "Batchfile": 0.10547751781866868,
  "MDX": 0.08044418692303798,
  "GLSL": 0.00300024939573102
}
