{
  "TypeScript": 72.25826931947581,
  "Sass": 7.236133262298234,
  "F#": 6.955879374232983,
  "JavaScript": 4.326360886667812,
  "Vue": 2.950623230860098,
  "PowerShell": 2.905687290107455,
  "HTML": 1.5115667494463858,
  "Pug": 1.115824089408905,
  "CSS": 0.568167311486069,
  "Batchfile": 0.09574419194455178,
  "MDX": 0.07302090372304482,
  "GLSL": 0.0027233903486450282
}
