{
  "TypeScript": 67.49334014419819,
  "Sass": 12.093613244658917,
  "F#": 11.415428035745625,
  "JavaScript": 3.5384630750769435,
  "PowerShell": 1.9545089399735462,
  "Pug": 1.8081133951923474,
  "HTML": 1.3605083035952519,
  "CSS": 0.3360248615591839
}
