{
  "TypeScript": 66.56554293846362,
  "Sass": 12.51232676102913,
  "F#": 11.81066095059257,
  "JavaScript": 3.5666412750152054,
  "PowerShell": 1.9188411958877334,
  "Pug": 1.8707151588159225,
  "HTML": 1.4076127714101816,
  "CSS": 0.34765894878562953
}
