{
  "TypeScript": 67.74105043531526,
  "Sass": 9.041817275002046,
  "F#": 8.695032610094295,
  "JavaScript": 5.190284924916494,
  "Vue": 3.686913318721799,
  "PowerShell": 2.0628423581357214,
  "HTML": 1.6078004749280321,
  "Pug": 1.3942636435466256,
  "CSS": 0.389747254488474,
  "Batchfile": 0.11963592395621644,
  "MDX": 0.07061178089504686
}
