{
  "F#": 44.07732708228242,
  "TypeScript": 37.25853832230497,
  "HTML": 7.6451737337171,
  "Sass": 5.434556838076022,
  "Pug": 3.464288893504644,
  "JavaScript": 1.3782973798997062,
  "PowerShell": 0.7418177502151272
}
