{
  "TypeScript": 72.83602031831087,
  "Sass": 7.4348613456290185,
  "F#": 7.146910761551907,
  "JavaScript": 4.4451770244639945,
  "Vue": 3.0316570756008008,
  "PowerShell": 1.6715649454048143,
  "HTML": 1.527371045270239,
  "Pug": 1.1464682987655639,
  "CSS": 0.58377105961093,
  "Batchfile": 0.09837364320885206,
  "MDX": 0.07502629855395117,
  "GLSL": 0.0027981836290517917
}
