{
  "TypeScript": 66.87391916173205,
  "Sass": 9.253444806371464,
  "F#": 8.898543500713393,
  "JavaScript": 5.396981216676988,
  "Vue": 3.7732070736477343,
  "PowerShell": 2.1168921485296246,
  "HTML": 1.6454317204061177,
  "Pug": 1.4268969697893121,
  "CSS": 0.3988694526945182,
  "Batchfile": 0.1224360530099135,
  "MDX": 0.09337789642889403
}
