{
  "TypeScript": 70.54952517334219,
  "Sass": 8.15516343417505,
  "F#": 7.839315704816174,
  "JavaScript": 4.783371427530067,
  "Vue": 3.325369200386345,
  "PowerShell": 1.865640505241269,
  "HTML": 1.674098471979904,
  "Pug": 1.2575401092086926,
  "CSS": 0.35670747205759495,
  "Batchfile": 0.10790425008464488,
  "MDX": 0.0822949747312225,
  "GLSL": 0.003069276446852121
}
