{
  "TypeScript": 68.07557531572748,
  "Sass": 8.91777398097192,
  "F#": 8.57574680129595,
  "JavaScript": 5.201204489460717,
  "Vue": 3.6363331246138957,
  "PowerShell": 2.0401014019862957,
  "HTML": 1.5857433086540953,
  "Pug": 1.3751359560661316,
  "CSS": 0.3844003721289278,
  "Batchfile": 0.1179946572019219,
  "MDX": 0.08999059189266577
}
