{
  "TypeScript": 65.24386005467069,
  "Sass": 13.701134635062632,
  "F#": 12.93280289938944,
  "JavaScript": 2.484267223611531,
  "Pug": 2.048453556585458,
  "PowerShell": 1.9690824473459174,
  "HTML": 1.2397088325010952,
  "CSS": 0.380690350833235
}
