{
  "TypeScript": 73.43814649510178,
  "Sass": 6.6881516080668435,
  "F#": 6.429120931849681,
  "JavaScript": 4.047187161266065,
  "Vue": 2.727176903871537,
  "PowerShell": 2.6856438953556974,
  "HTML": 1.4037055624340231,
  "CSS": 1.0356507388627822,
  "Pug": 1.031324383809049,
  "C#": 0.35539040241394876,
  "Batchfile": 0.08849362609909084,
  "MDX": 0.06749113883823994,
  "GLSL": 0.002517152031263028
}
