{
  "TypeScript": 37.96156300329167,
  "CSS": 37.10993854929444,
  "Sass": 11.11068187237489,
  "F#": 8.410607406854824,
  "JavaScript": 1.9452951512156262,
  "Pug": 1.6279841157985462,
  "HTML": 1.021602993540549,
  "PowerShell": 0.8123269076294521
}
