{
  "TypeScript": 73.38973018261325,
  "Sass": 6.701493678408697,
  "F#": 6.441946266670976,
  "JavaScript": 4.055260820321151,
  "Vue": 2.7326172987995245,
  "PowerShell": 2.691001436850688,
  "HTML": 1.4065057887821606,
  "Pug": 1.033381753809073,
  "CSS": 1.033145300048,
  "C#": 0.3560993641758365,
  "Batchfile": 0.08867016040234972,
  "MDX": 0.06762577566685872,
  "GLSL": 0.0025221734514446143
}
