{
  "TypeScript": 67.13084145164396,
  "Sass": 9.688983901643567,
  "F#": 9.317378179758713,
  "JavaScript": 4.44092198331022,
  "Vue": 3.324965272357024,
  "PowerShell": 2.205931789097514,
  "HTML": 1.7144459017962652,
  "Pug": 1.4940578410402683,
  "CSS": 0.566923786070882,
  "Batchfile": 0.11554989328158279
}
