{
  "TypeScript": 66.98828742529047,
  "Sass": 9.99359422657632,
  "F#": 9.610305655298868,
  "JavaScript": 4.447017201558542,
  "Vue": 3.0577283599456977,
  "PowerShell": 2.250013222926792,
  "HTML": 1.7230942824064552,
  "Pug": 1.5410292726214894,
  "CSS": 0.2767999341792089,
  "Batchfile": 0.1121304191961636
}
