{
  "TypeScript": 66.97797892245447,
  "Sass": 9.712325543673195,
  "F#": 9.339824589860573,
  "JavaScript": 4.451620567627028,
  "Vue": 3.4106511741604737,
  "PowerShell": 2.2072480621040538,
  "HTML": 1.7185761576543748,
  "Pug": 1.4976571620476244,
  "CSS": 0.5682895569511808,
  "Batchfile": 0.11582826346703463
}
