{
  "TypeScript": 67.94473255923641,
  "Sass": 9.219010733194619,
  "F#": 8.865430092195528,
  "JavaScript": 4.602078113022198,
  "Vue": 3.68955598034868,
  "PowerShell": 2.0989310176204814,
  "HTML": 1.6393087124395114,
  "Pug": 1.4215871769822364,
  "CSS": 0.39738517303332294,
  "Batchfile": 0.12198044192700908
}
