{
  "TypeScript": 66.64683471788807,
  "Sass": 12.481904573964089,
  "F#": 11.781944777840447,
  "JavaScript": 3.5579694244365934,
  "PowerShell": 1.9141757689911771,
  "Pug": 1.8661667444727033,
  "HTML": 1.404190333692174,
  "CSS": 0.34681365871474246
}
