{
  "TypeScript": 66.43947378693836,
  "Sass": 13.23449271967834,
  "F#": 12.492329312565873,
  "JavaScript": 2.3996564781199985,
  "Pug": 1.978686028808994,
  "PowerShell": 1.890151071554046,
  "HTML": 1.1974860444236248,
  "CSS": 0.36772455791076236
}
