{
  "TypeScript": 69.57717130591848,
  "Sass": 11.306692208564897,
  "F#": 10.67263592923329,
  "JavaScript": 3.3082183191972447,
  "PowerShell": 1.8586800210240415,
  "Pug": 1.6904610081401459,
  "HTML": 1.2719811957557048,
  "CSS": 0.31416001216619666
}
