{
  "TypeScript": 73.51826175336673,
  "Sass": 6.66797895734062,
  "F#": 6.409729563556171,
  "JavaScript": 4.034980127422902,
  "Vue": 2.718951254936775,
  "PowerShell": 2.6775435173363533,
  "HTML": 1.399471737650613,
  "CSS": 1.0325270326650584,
  "Pug": 1.0282137266650144,
  "C#": 0.35431848196724397,
  "Batchfile": 0.08822671363726194,
  "MDX": 0.06728757360068512,
  "GLSL": 0.0025095598545710066
}
