{
  "TypeScript": 72.25505800641773,
  "Sass": 7.236970898907964,
  "F#": 6.95668456935661,
  "JavaScript": 4.326861695336506,
  "Vue": 2.950964787593521,
  "PowerShell": 2.9060236451692525,
  "HTML": 1.5117417246163405,
  "Pug": 1.1159532544026147,
  "CSS": 0.5682330811068458,
  "Batchfile": 0.09575527505170785,
  "MDX": 0.07302935643943585,
  "GLSL": 0.002723705601470801
}
