{
  "TypeScript": 60.61231064322982,
  "Sass": 15.628066459551432,
  "F#": 14.812318789597828,
  "JavaScript": 2.8453041742730294,
  "Pug": 2.3461539885728673,
  "PowerShell": 1.8999551949759126,
  "HTML": 1.4198749162220108,
  "CSS": 0.43601583357710727
}
