{
  "TypeScript": 73.28203578135152,
  "Sass": 6.7453980161667415,
  "F#": 6.484150198851397,
  "JavaScript": 4.08182856018577,
  "Vue": 2.7505198379359124,
  "PowerShell": 2.70863133276054,
  "HTML": 1.4157204069214409,
  "Pug": 1.0401518775649767,
  "CSS": 0.9732730710065698,
  "C#": 0.35843232269381164,
  "Batchfile": 0.08925107636798099,
  "MDX": 0.06806882090998018,
  "GLSL": 0.0025386972833559038
}
