{
  "TypeScript": 61.10318210143325,
  "Sass": 15.425324871120596,
  "F#": 14.620159826905962,
  "JavaScript": 2.8083922831344785,
  "Pug": 2.315717530705369,
  "PowerShell": 1.8954089511108023,
  "HTML": 1.4014549986568399,
  "CSS": 0.4303594369326976
}
