{
  "TypeScript": 73.33454152062241,
  "Sass": 6.728785431477183,
  "F#": 6.468181016001095,
  "JavaScript": 4.0717758216399,
  "Vue": 2.743745850153648,
  "PowerShell": 2.7019605081034284,
  "HTML": 1.4122337668298774,
  "Pug": 1.0375901886750643,
  "CSS": 0.9841714275313173,
  "C#": 0.35754957458881403,
  "Batchfile": 0.08903126857291187,
  "MDX": 0.06790118083160744,
  "GLSL": 0.0025324449727406042
}
