{
  "TypeScript": 72.76317900133239,
  "Sass": 6.958607640105151,
  "F#": 6.689102259818573,
  "JavaScript": 4.210847652937961,
  "Vue": 2.8374587107609006,
  "PowerShell": 2.794246186985828,
  "HTML": 1.4842028762517718,
  "Pug": 1.0730291651798722,
  "CSS": 0.654653366812127,
  "C#": 0.3697617091207888,
  "Batchfile": 0.09207213872529603,
  "MDX": 0.07022035113449243,
  "GLSL": 0.0026189408348528645
}
