{
  "TypeScript": 65.16112933124198,
  "Sass": 13.733747715282007,
  "F#": 12.963587104468324,
  "JavaScript": 2.490180573739678,
  "Pug": 2.053329530871239,
  "PowerShell": 1.9737694930194574,
  "HTML": 1.2426597358153042,
  "CSS": 0.3815965155620082
}
