{
  "TypeScript": 66.49228131436683,
  "Sass": 10.672107422715868,
  "F#": 10.262795546144549,
  "JavaScript": 4.391473359583182,
  "Vue": 2.53168370145462,
  "PowerShell": 1.8934282913457086,
  "HTML": 1.6952364933984183,
  "Pug": 1.645657164589565,
  "CSS": 0.2955932135312657,
  "Batchfile": 0.11974349286999046
}
