{
  "TypeScript": 73.73999818025011,
  "Sass": 6.612146752718543,
  "F#": 6.356059728235131,
  "JavaScript": 4.001194502488936,
  "Vue": 2.6961849799088724,
  "PowerShell": 2.655123956851708,
  "HTML": 1.387753705407379,
  "CSS": 1.0238814953989102,
  "Pug": 1.0196043054971222,
  "C#": 0.3513517086595987,
  "Batchfile": 0.08748797526384429,
  "MDX": 0.06672416246789191,
  "GLSL": 0.002488546851949349
}
