{
  "TypeScript": 70.89608220306637,
  "Sass": 8.032957564443167,
  "F#": 7.721842842188403,
  "JavaScript": 4.711692169318968,
  "Vue": 3.2755382388620364,
  "PowerShell": 1.8376837116846112,
  "HTML": 1.6502401620479719,
  "Pug": 1.238695755688496,
  "CSS": 0.44489499760026907,
  "Batchfile": 0.10628729503085639,
  "MDX": 0.0810617770101998,
  "GLSL": 0.0030232830586554705
}
