{
  "TypeScript": 66.55610842860447,
  "Sass": 12.488562305780217,
  "F#": 11.788229157611058,
  "JavaScript": 3.559867212237928,
  "PowerShell": 1.9881327936558921,
  "Pug": 1.8671621404585688,
  "HTML": 1.40493931575698,
  "CSS": 0.3469986458948808
}
