{
  "TypeScript": 73.56731656790141,
  "Sass": 6.65677056787479,
  "F#": 6.3989552726085535,
  "JavaScript": 4.028197618203184,
  "Vue": 2.7143808948923134,
  "PowerShell": 2.6730427606983955,
  "HTML": 1.3971193270652822,
  "Pug": 1.0264853738948116,
  "CSS": 1.0262504981323461,
  "C#": 0.3537228982729585,
  "Batchfile": 0.08807841092454145,
  "MDX": 0.06717446806511695,
  "GLSL": 0.002505341466298068
}
